	ID	log(g)	[Fe/H]	Teff	E(B-V)	BC_1	BC_2	BC_3	BC_4	BC_5
205893214	3.0197	0.26774077	4824.86	0	2.031	-0.052	0.6	-0.014	0.269	
205905204	2.5453	0.030019641	4641.7	0	2.144	-0.113	0.57	-0.085	0.24	
205906794	1.9752	-0.47952047	4439.25	0	2.272	-0.202	0.519	-0.197	0.195	
205910729	2.3163	0.11863124	4532.23	0	2.216	-0.151	0.558	-0.122	0.229	
205912715	2.953	0.37769009	4596.46	0	2.177	-0.126	0.578	-0.091	0.249	
205914038	2.2949	-1.4207495	5025.88	0	1.88	-0.052	0.538	-0.056	0.211	
205916760	2.424	-0.69095032	4740.06	0	2.069	-0.102	0.549	-0.096	0.223	
205917319	2.3412	-1.1963373	4937.74	0	1.937	-0.065	0.542	-0.067	0.215	
205917986	2.5344	-0.96720291	4763.5	0	2.049	-0.103	0.538	-0.103	0.212	
205918432	2.6752	-0.69565395	4883.64	0	1.977	-0.065	0.556	-0.058	0.228	
205918843	2.4665	-0.51612944	4698.28	0	2.099	-0.11	0.552	-0.1	0.226	
205919444	2.3776	-0.35852368	5002.57	0	1.912	-0.026	0.581	-0.008	0.252	
205921032	2.6375	-0.38850526	4780.47	0	2.048	-0.083	0.564	-0.068	0.237	
205921511	2.4577	0.14709839	4651.83	0	2.139	-0.107	0.578	-0.073	0.247	
205923900	2.6781	-0.061242744	4607.17	0	2.165	-0.129	0.56	-0.105	0.232	
205925176	3.0777	-0.20168782	4853.91	0	2.005	-0.059	0.576	-0.038	0.248	
205927592	2.5913	-0.5611329	4745.44	0	2.067	-0.097	0.553	-0.088	0.227	
205927877	2.7825	0.38675662	4669.74	0	2.13	-0.098	0.59	-0.058	0.259	
205928834	2.4344	0.22176702	4423.29	0	2.289	-0.197	0.541	-0.172	0.213	
205929054	2.7711	-0.39363663	4909.53	0	1.967	-0.05	0.571	-0.035	0.243	
205930631	2.4161	-1.0475406	4921.08	0	1.949	-0.065	0.545	-0.065	0.218	
205930855	2.9513	-0.44780358	4955.67	0	1.937	-0.042	0.569	-0.029	0.24	
205931354	2.3585	-0.18713724	4923.81	0	1.963	-0.037	0.588	-0.013	0.258	
205931805	2.3314	-0.35632373	4598.73	0	2.166	-0.138	0.548	-0.125	0.222	
205933248	2.6831	-0.49918517	4831.72	0	2.014	-0.072	0.562	-0.061	0.235	
205934139	2.3795	-0.44920835	4984.91	0	1.921	-0.033	0.575	-0.018	0.247	
205935513	2.7879	-0.3778754	4941.63	0	1.947	-0.042	0.573	-0.026	0.245	
205935967	2.488	-0.80543026	4845.67	0	2	-0.077	0.551	-0.072	0.224	
205937021	2.4344	0.29418727	4724.01	0	2.094	-0.079	0.595	-0.039	0.263	
205937656	2.4072	0.031842555	4697.43	0	2.108	-0.094	0.578	-0.063	0.248	
205938474	2.9039	-0.2450487	4924.55	0	1.96	-0.042	0.579	-0.022	0.25	
205939625	2.3477	-0.68646385	5208.16	0	1.782	0	0.563	0.008	0.233	
205941372	2.5212	-0.020232082	4612.49	0	2.162	-0.125	0.563	-0.099	0.235	
205943222	2.104	-0.34970106	4521.46	0	2.218	-0.166	0.538	-0.154	0.213	
205944548	1.9606	-0.77303333	4615.34	0	2.151	-0.141	0.537	-0.138	0.213	
205945695	2.364	-0.58265703	4704.99	0	2.094	-0.109	0.551	-0.101	0.225	
205947539	2.6521	-0.87447266	4815.61	0	2.017	-0.087	0.544	-0.085	0.218	
205950384	2.3494	-0.50599742	4965.44	0	1.932	-0.039	0.572	-0.025	0.244	
205951306	2.362	-0.45081716	4910.1	0	1.967	-0.05	0.573	-0.035	0.245	
205952605	2.3978	-0.17900202	4841.17	0	2.015	-0.058	0.582	-0.034	0.253	
205953049	3.0688	0.40522925	4788.17	0	2.056	-0.06	0.604	-0.018	0.273	
205953136	2.5264	-0.23892476	4605.48	0	2.163	-0.133	0.553	-0.117	0.226	
205953480	2.6078	-0.55084292	4753.2	0	2.063	-0.095	0.554	-0.086	0.228	
205954223	2.7456	-0.51781738	4716.5	0	2.086	-0.105	0.551	-0.096	0.225	
205958354	2.7032	0.3145961	4583.71	0	2.184	-0.13	0.574	-0.096	0.244	
205959371	2.5627	-0.22690851	4764.29	0	2.062	-0.082	0.572	-0.061	0.244	
205960995	2.7655	0.16325102	4666	0	2.13	-0.103	0.578	-0.071	0.248	
205964329	2.9151	0.024745121	4811.74	0	2.036	-0.062	0.586	-0.032	0.256	
205965538	2.884	-0.3215591	4813.16	0	2.028	-0.073	0.568	-0.056	0.241	
205965619	2.1288	-0.34217054	4536.04	0	2.209	-0.16	0.541	-0.147	0.215	
205965748	2.8032	-0.45901795	5058.04	0	1.875	-0.021	0.572	-0.007	0.242	
205967938	2.368	-1.3265869	4999.41	0	1.897	-0.055	0.54	-0.059	0.212	
205969774	2.681	-1.3984709	5108.31	0	1.828	-0.041	0.532	-0.046	0.204	
205970868	2.9217	-0.53863382	5002.17	0	1.907	-0.035	0.565	-0.024	0.237	
205972576	2.364	-0.09943831	4846.06	0	2.013	-0.054	0.587	-0.026	0.258	
205973739	3.0783	-0.48740395	4914.92	0	1.961	-0.053	0.564	-0.041	0.236	
205974551	2.8439	0.098662731	4752.82	0	2.074	-0.077	0.585	-0.045	0.255	
205975223	2.6764	-0.57605077	4820.55	0	2.019	-0.078	0.558	-0.068	0.231	
205976629	2.3752	-0.22093788	5009.78	0	1.91	-0.019	0.589	0.004	0.259	
205977024	3.0391	-0.32787138	4996.97	0	1.914	-0.029	0.576	-0.012	0.247	
205977740	2.6401	-0.58658261	4789.74	0	2.039	-0.086	0.555	-0.077	0.229	
205979159	2.704	-0.90915586	5014.28	0	1.893	-0.044	0.549	-0.041	0.221	
205980492	2.4871	-0.22999911	4800.92	0	2.039	-0.071	0.575	-0.05	0.247	
205982177	2.5356	-0.41472073	4877.1	0	1.987	-0.057	0.571	-0.042	0.243	
205982347	2.9845	-0.23491479	4926.78	0	1.959	-0.041	0.579	-0.021	0.25	
205982653	2.3776	-0.26881855	4983.05	0	1.925	-0.027	0.585	-0.006	0.256	
205983689	2.9587	-0.31870081	4929.06	0	1.956	-0.044	0.575	-0.026	0.246	
205987002	2.3301	-0.19768649	4748.5	0	2.073	-0.084	0.574	-0.062	0.246	
205988017	2.6232	-0.3164963	4755.16	0	2.066	-0.088	0.566	-0.071	0.238	
205992336	2.8341	-0.45847446	4849.96	0	2.003	-0.067	0.564	-0.054	0.237	
205993475	2.5704	-0.011296978	4561.69	0	2.195	-0.144	0.556	-0.119	0.227	
205993924	2.5284	-0.39615164	4671.94	0	2.118	-0.115	0.554	-0.102	0.228	
205994225	2.6477	-0.89616802	4988.53	0	1.909	-0.048	0.55	-0.045	0.222	
205994284	3.1202	0.11081473	4849.52	0	2.014	-0.05	0.593	-0.018	0.262	
205994591	2.8033	0.56416045	4661.59	0	2.136	-0.098	0.599	-0.053	0.267	
205995590	3.2587	-0.18663926	5051.97	0	1.884	-0.014	0.584	0.008	0.254	
205996255	2.5496	-0.25490345	4743.88	0	2.074	-0.089	0.568	-0.07	0.241	
205997047	2.8305	-0.40319434	4919.65	0	1.96	-0.048	0.571	-0.033	0.243	
205997248	2.5323	-0.51092515	4842.81	0	2.007	-0.069	0.564	-0.057	0.236	
205997718	2.4677	-0.6151662	4897.39	0	1.971	-0.058	0.562	-0.049	0.235	
205997746	2.6215	-1.2829825	5015.03	0	1.886	-0.053	0.537	-0.057	0.21	
205999925	2.375	-0.25419585	4824.12	0	2.024	-0.065	0.577	-0.044	0.249	
206000140	2.5703	-0.72862867	4851.29	0	1.997	-0.074	0.554	-0.068	0.227	
206000925	2.5904	-0.62633231	4741.08	0	2.069	-0.1	0.55	-0.093	0.224	
206001934	2.4738	-0.57793197	4707.34	0	2.092	-0.109	0.55	-0.1	0.224	
206002338	2.3004	-0.49583091	4687.14	0	2.107	-0.112	0.553	-0.101	0.227	
206002435	2.4031	-0.99379265	4839.13	0	2.001	-0.083	0.544	-0.083	0.217	
206002508	2.6236	0.14899846	4629.34	0	2.153	-0.116	0.573	-0.084	0.243	
206004843	2.516	-0.63742854	4838.06	0	2.008	-0.074	0.558	-0.066	0.231	
206005708	2.57	-0.69059843	4876.02	0	1.983	-0.066	0.557	-0.059	0.229	
206007828	2.9489	-0.38628447	5046.88	0	1.883	-0.021	0.574	-0.005	0.245	
206008070	2.5344	-0.83707266	4876.81	0	1.98	-0.07	0.55	-0.067	0.224	
206010093	2.8285	-0.44271924	4798.55	0	2.035	-0.08	0.561	-0.067	0.234	
206010094	2.9713	0.20235143	4857.46	0	2.01	-0.045	0.6	-0.008	0.268	
206010346	2.5045	-0.17001769	4665.55	0	2.126	-0.111	0.564	-0.089	0.236	
206011914	2.6152	-0.20990266	4661.19	0	2.127	-0.114	0.561	-0.095	0.233	
206013104	2.9985	-0.067118127	4903.29	0	1.977	-0.041	0.587	-0.014	0.258	
206013596	3.0246	-0.27019382	4956.29	0	1.94	-0.036	0.578	-0.017	0.249	
206013893	2.7261	-0.45055847	4761.96	0	2.058	-0.09	0.559	-0.078	0.232	
206014119	2.8088	0.13154403	4650.32	0	2.139	-0.11	0.574	-0.079	0.245	
206018246	2.9839	-0.2060172	4819.5	0	2.026	-0.068	0.574	-0.047	0.246	
206018302	2.3307	-0.27044757	4861.4	0	2.001	-0.055	0.58	-0.035	0.251	
206021225	2.9335	-0.32930611	4868.05	0	1.994	-0.059	0.571	-0.042	0.243	
206021755	2.3615	-0.49574761	4992.67	0	1.915	-0.033	0.573	-0.019	0.245	
206022129	2.3968	-0.29521882	4714.4	0	2.093	-0.098	0.565	-0.08	0.237	
206022274	2.3604	-0.30013037	4892.5	0	1.981	-0.049	0.58	-0.029	0.251	
206023114	2.4559	-0.61139634	4849.89	0	2.001	-0.07	0.56	-0.06	0.233	
206024119	2.9538	-0.46529725	5021.73	0	1.896	-0.029	0.57	-0.016	0.241	
206025072	2.7052	-0.43275911	4899.55	0	1.973	-0.053	0.569	-0.039	0.241	
206027510	2.2591	0.40117252	4556.12	0	2.202	-0.137	0.577	-0.098	0.246	
206028879	3.0545	0.49278341	4836.02	0	2.027	-0.044	0.614	0.002	0.282	
206028891	2.3022	-0.44784502	4963.71	0	1.934	-0.037	0.576	-0.021	0.247	
206028894	2.3563	0.25541785	4752.93	0	2.076	-0.07	0.597	-0.03	0.265	
206029132	2.2708	-0.17195217	4782.37	0	2.052	-0.073	0.579	-0.049	0.25	
206030078	2.361	-0.53268795	5084.34	0	1.859	-0.016	0.573	-0.003	0.244	
206032032	2.3132	-0.51023972	4702.08	0	2.097	-0.108	0.554	-0.097	0.228	
206032040	2.4351	0.17443491	4951.91	0	1.952	-0.019	0.609	0.02	0.278	
206032640	2.3675	-0.29971815	4972.01	0	1.932	-0.03	0.583	-0.01	0.254	
206034034	2.2845	0.23333957	4463.12	0	2.262	-0.178	0.55	-0.149	0.221	
206035736	2.9996	-0.68644099	5040.85	0	1.88	-0.033	0.558	-0.026	0.229	
206036741	2.9695	-0.042015885	4934.52	0	1.958	-0.033	0.591	-0.005	0.261	
206037023	2.4997	-0.67335487	4813.54	0	2.022	-0.081	0.555	-0.074	0.228	
206037963	2.4118	-0.50887466	5119.67	0	1.838	-0.009	0.573	0.004	0.244	
206038473	2.3713	0.2276621	4660.04	0	2.134	-0.102	0.584	-0.065	0.253	
206038918	2.6645	-0.99081045	5001.06	0	1.9	-0.049	0.546	-0.048	0.218	
206040337	2.3515	-0.40454355	4637.29	0	2.141	-0.126	0.551	-0.113	0.225	
206041863	2.6716	-0.22599364	4808.02	0	2.034	-0.07	0.574	-0.049	0.246	
206042412	2.8939	0.021251671	4825.44	0	2.027	-0.058	0.587	-0.028	0.257	
206043138	2.3864	-0.39532522	4558.24	0	2.192	-0.154	0.54	-0.144	0.214	
206043905	2.4379	-0.59990129	5038.23	0	1.885	-0.027	0.568	-0.017	0.239	
206045102	2.3941	-0.25861464	4805.08	0	2.036	-0.07	0.575	-0.05	0.247	
206045914	2.2041	-0.26767918	4532.36	0	2.212	-0.16	0.543	-0.145	0.216	
206047309	2.1051	-0.44081697	4504.07	0	2.228	-0.175	0.531	-0.167	0.206	
206048811	2.2865	0.012499286	4614.38	0	2.161	-0.122	0.567	-0.093	0.238	
206048937	2.9623	0.21417606	4751.66	0	2.076	-0.075	0.59	-0.04	0.26	
206051624	2.8094	-0.45216766	4890.56	0	1.977	-0.057	0.567	-0.043	0.239	
206052599	2.7903	-0.66431985	4984.09	0	1.916	-0.043	0.56	-0.035	0.232	
206054711	2.6644	-0.51303534	4808.51	0	2.028	-0.079	0.56	-0.068	0.233	
206055602	2.6027	-0.63408236	4831.94	0	2.011	-0.076	0.556	-0.068	0.229	
206055949	2.6776	-0.13922932	4752.38	0	2.07	-0.083	0.574	-0.06	0.245	
206056634	2.6469	0.0060324185	4654.77	0	2.135	-0.11	0.57	-0.082	0.241	
206057154	3.1362	-0.20815494	5004.09	0	1.912	-0.024	0.583	-0.003	0.253	
206057551	2.4355	-0.44297977	4666.83	0	2.12	-0.118	0.552	-0.106	0.226	
206057777	2.1006	-0.49320393	4547.83	0	2.199	-0.159	0.537	-0.151	0.212	
206057842	2.6394	-0.34769088	4744.89	0	2.071	-0.092	0.563	-0.076	0.236	
206058287	2.4078	-0.41433296	4938.99	0	1.95	-0.042	0.575	-0.026	0.247	
206059787	2.3085	-0.28721197	4811.58	0	2.032	-0.069	0.575	-0.049	0.247	
206060248	2.9527	0.36014876	4823.73	0	2.033	-0.05	0.606	-0.008	0.274	
206062004	2.4259	-0.21487617	4950.63	0	1.946	-0.032	0.586	-0.009	0.257	
206062898	3.1789	-0.18806676	4931	0	1.958	-0.04	0.581	-0.018	0.252	
206062918	2.5511	-0.74448507	4790.54	0	2.036	-0.09	0.549	-0.085	0.223	
206063235	2.3544	-0.0063986248	4794.07	0	2.047	-0.065	0.588	-0.034	0.258	
206063364	2.3045	-1.3237912	4983.41	0	1.907	-0.058	0.541	-0.061	0.213	
206063831	2.4434	-1.584803	5139.52	0	1.807	-0.039	0.529	-0.046	0.201	
206064730	2.3465	-0.36872622	4618.95	0	2.153	-0.131	0.55	-0.118	0.224	
206066470	2.1096	0.14401898	4445.2	0	2.274	-0.186	0.544	-0.159	0.215	
206066993	2.4795	0.030892134	4550.99	0	2.202	-0.146	0.556	-0.121	0.228	
206067886	2.622	0.17885627	4571.29	0	2.191	-0.137	0.566	-0.106	0.236	
206069707	2.5534	-0.74042483	4745.64	0	2.064	-0.102	0.546	-0.098	0.22	
206069764	2.6534	-0.22656753	4682.67	0	2.113	-0.107	0.562	-0.089	0.235	
206070270	2.5891	0.033879402	4707.74	0	2.101	-0.091	0.578	-0.061	0.248	
206072213	2.85	0.21404155	4740.35	0	2.083	-0.078	0.59	-0.043	0.259	
206072393	2.6709	0.49714658	4499.73	0	2.24	-0.163	0.568	-0.129	0.239	
206072825	2.4233	0.056888467	4480.34	0	2.249	-0.174	0.545	-0.15	0.217	
206074162	2.969	0.26577674	4746.06	0	2.08	-0.076	0.592	-0.039	0.261	
206074623	2.6758	-0.21744403	4704.93	0	2.099	-0.1	0.565	-0.081	0.237	
206077618	2.3633	-0.0087994937	4723.62	0	2.091	-0.086	0.58	-0.056	0.25	
206079576	2.428	-0.13696311	4892.04	0	1.984	-0.044	0.588	-0.018	0.258	
206080161	2.8946	0.16846385	4650.25	0	2.14	-0.11	0.576	-0.078	0.246	
206080586	2.6407	0.11668859	4629.88	0	2.152	-0.116	0.572	-0.085	0.242	
206081428	2.3516	-0.14498534	4732.11	0	2.084	-0.088	0.574	-0.063	0.246	
206081439	2.8249	0.26902329	4723.14	0	2.095	-0.082	0.591	-0.045	0.26	
206081658	2.4092	0.00078799805	4683.29	0	2.117	-0.099	0.575	-0.07	0.245	
206082569	2.659	-0.40528591	4846.4	0	2.006	-0.065	0.568	-0.051	0.24	
206084311	2.5149	0.17009339	4737.53	0	2.085	-0.078	0.589	-0.042	0.258	
206084717	2.4243	-0.12027732	4632.89	0	2.148	-0.12	0.563	-0.097	0.234	
206086346	2.4129	0.18484478	4667.36	0	2.129	-0.1	0.582	-0.065	0.251	
206086431	2.1554	-1.5468434	5014.01	0	1.887	-0.055	0.538	-0.061	0.211	
206092674	2.9699	0.036192489	4773.08	0	2.06	-0.073	0.583	-0.044	0.253	
206093273	2.3698	-0.25335663	4719.36	0	2.09	-0.095	0.568	-0.076	0.24	
206095220	2.6419	-0.31085687	4732.82	0	2.08	-0.094	0.564	-0.078	0.236	
206097958	2.9458	-0.13938098	4780.13	0	2.052	-0.076	0.575	-0.053	0.246	
206098732	2.2486	-0.36409275	4608.52	0	2.16	-0.134	0.55	-0.121	0.224	
206100164	3.1271	0.25243324	4945.24	0	1.957	-0.021	0.608	0.017	0.276	
206100404	2.8333	-0.083969575	4842.18	0	2.015	-0.057	0.583	-0.03	0.254	
206100485	2.7453	-1.1882064	5173.52	0	1.792	-0.026	0.537	-0.028	0.207	
206100831	2.331	-0.36657585	4913.06	0	1.967	-0.046	0.577	-0.028	0.249	
206101051	2.4269	0.057786594	4853.94	0	2.011	-0.047	0.596	-0.013	0.265	
206101493	2.4164	-1.0162425	5397.01	0	1.665	0.013	0.538	0.012	0.206	
206102116	2.9308	-0.41811885	4801.44	0	2.034	-0.079	0.562	-0.066	0.235	
206102411	2.821	-0.42722645	4926.25	0	1.956	-0.047	0.57	-0.033	0.242	
206102910	2.3546	-0.45993016	4901.2	0	1.972	-0.052	0.572	-0.037	0.244	
206103224	2.5248	-0.49059598	4703.6	0	2.096	-0.108	0.553	-0.097	0.227	
206104637	2.5527	0.17110261	4568.72	0	2.192	-0.137	0.565	-0.107	0.236	
206105485	2.4135	0.50224764	4607.75	0	2.169	-0.116	0.59	-0.073	0.258	
206105701	2.5408	-0.58742251	4814.04	0	2.024	-0.079	0.558	-0.069	0.231	
206105990	2.3681	0.15733244	4779.24	0	2.058	-0.065	0.595	-0.028	0.263	
206106173	2.3457	0.44994088	4682.29	0	2.122	-0.09	0.599	-0.044	0.266	
206108556	2.4773	-0.028325311	4740.27	0	2.08	-0.082	0.58	-0.053	0.25	
206109972	2.573	-0.42648846	4690.86	0	2.105	-0.11	0.554	-0.098	0.228	
206111212	2.4002	0.1784936	4769.82	0	2.065	-0.067	0.595	-0.03	0.263	
206111552	3.2109	0.26652752	4850.5	0	2.016	-0.046	0.601	-0.009	0.27	
206112361	2.5013	0.43505439	4410.22	0	2.299	-0.202	0.547	-0.175	0.22	
206112764	2.4402	-0.91599234	5502.65	0	1.606	0.028	0.535	0.027	0.202	
206113294	2.7897	-0.017893434	4763.21	0	2.065	-0.077	0.58	-0.049	0.251	
206115828	2.2369	-0.43255649	4639.44	0	2.139	-0.125	0.551	-0.113	0.225	
206115954	2.9957	-0.4286755	4961.9	0	1.934	-0.04	0.57	-0.026	0.241	
206116718	2.6165	-0.093005703	4638.31	0	2.144	-0.118	0.563	-0.095	0.235	
206117168	2.3817	0.26697244	4569.26	0	2.193	-0.135	0.571	-0.1	0.241	
206119025	2.4047	-0.55008064	5050.67	0	1.879	-0.023	0.571	-0.011	0.242	
206119095	2.5164	-0.097493885	4637.56	0	2.145	-0.118	0.563	-0.094	0.235	
206119730	2.3378	0.13893694	4323.34	0	2.356	-0.246	0.514	-0.231	0.188	
206121277	2.9473	-0.41195559	4957.52	0	1.937	-0.04	0.571	-0.026	0.242	
206122257	2.3927	-0.42244224	5006.89	0	1.908	-0.027	0.577	-0.011	0.248	
206122659	2.4115	-0.84876343	5133.3	0	1.823	-0.018	0.556	-0.014	0.227	
206123368	2.3404	-0.20579172	4783.5	0	2.051	-0.074	0.577	-0.052	0.248	
206123736	2.5744	-0.59146539	4852.43	0	1.999	-0.069	0.56	-0.06	0.233	
206123865	2.3455	-0.22315139	4994.35	0	1.92	-0.022	0.589	0.001	0.259	
206124763	2.8637	0.65647402	4677.07	0	2.127	-0.092	0.606	-0.044	0.274	
206125501	2.4837	-0.33114518	4702.59	0	2.099	-0.103	0.561	-0.087	0.234	
206125783	2.4699	0.25534904	4549.51	0	2.206	-0.143	0.567	-0.11	0.237	
206126685	2.522	-0.50836567	4777.27	0	2.048	-0.086	0.559	-0.075	0.232	
206127655	2.3696	0.033092384	4683.91	0	2.117	-0.098	0.577	-0.067	0.247	
206129709	2.7907	-0.9146806	4893.38	0	1.967	-0.07	0.545	-0.068	0.218	
206130353	2.5734	-0.7063663	4727.14	0	2.076	-0.107	0.545	-0.102	0.219	
206131093	2.7097	-0.53229265	4892.63	0	1.975	-0.058	0.564	-0.047	0.236	
206134463	2.5814	-0.21245561	4648.38	0	2.136	-0.118	0.559	-0.099	0.232	
206137085	2.3225	-0.46586615	4715.58	0	2.089	-0.102	0.558	-0.09	0.231	
206138051	2.9166	0.48194517	4638.4	0	2.151	-0.109	0.59	-0.068	0.26	
206138182	2.8295	-0.038643194	4838.54	0	2.018	-0.056	0.586	-0.028	0.256	
206140197	2.5755	-0.065127669	4755.03	0	2.07	-0.079	0.579	-0.052	0.249	
206142277	2.779	0.16122427	4768.41	0	2.065	-0.07	0.59	-0.036	0.26	
206142903	2.5895	-0.33047108	4688.76	0	2.108	-0.108	0.558	-0.093	0.232	
206143948	2.3546	0.21216032	4643.95	0	2.144	-0.108	0.581	-0.072	0.25	
206144635	2.9405	-0.23142887	4912	0	1.968	-0.045	0.579	-0.024	0.25	
206144769	2.2761	-1.017895	4880.05	0	1.976	-0.073	0.547	-0.072	0.22	
206147129	2.6834	-0.91549081	4890.07	0	1.969	-0.07	0.546	-0.068	0.219	
206150694	2.3343	0.20253768	4759.8	0	2.071	-0.07	0.595	-0.031	0.264	
206150881	2.4382	0.45906159	4562.13	0	2.199	-0.135	0.579	-0.095	0.249	
206153754	2.9248	-0.76945052	5006.84	0	1.899	-0.042	0.554	-0.037	0.226	
206154848	2.3745	0.017310277	4796.58	0	2.046	-0.064	0.589	-0.032	0.259	
206154875	2.5887	0.126366	4683.52	0	2.118	-0.097	0.58	-0.064	0.25	
206155088	2.2127	0.26114728	4419.21	0	2.292	-0.197	0.543	-0.17	0.214	
206155196	2.3706	-0.47270821	5011.05	0	1.904	-0.028	0.575	-0.013	0.246	
206155723	2.8027	0.093648243	4659.7	0	2.133	-0.107	0.574	-0.077	0.244	
206156731	2.5487	-0.25015311	4741.5	0	2.076	-0.089	0.568	-0.07	0.241	
206157908	2.5253	0.10153397	4865.3	0	2.004	-0.043	0.598	-0.008	0.267	
206159025	2.4356	-0.63383557	4680.14	0	2.109	-0.118	0.545	-0.112	0.219	
206159629	2.6697	0.20177339	4537.12	0	2.213	-0.15	0.561	-0.121	0.232	
206160748	2.3263	0.18211525	4469.25	0	2.258	-0.177	0.549	-0.149	0.22	
206161655	2.3323	-0.1039835	4707.66	0	2.1	-0.094	0.574	-0.068	0.245	
206163291	1.9859	-0.14251331	4358.24	0	2.33	-0.231	0.514	-0.219	0.188	
206164364	2.315	-0.1794862	4856.92	0	2.005	-0.053	0.584	-0.029	0.255	
206164458	2.6354	0.2351593	4612.09	0	2.165	-0.12	0.575	-0.086	0.245	
206166135	3.2027	-0.46282632	5147.16	0	1.821	-0.007	0.568	0.006	0.239	
206166512	2.6344	-0.21026678	4673.38	0	2.12	-0.11	0.562	-0.091	0.235	
206168174	2.4785	-0.3955967	4709.95	0	2.093	-0.103	0.559	-0.089	0.232	
206170411	2.3604	0.84438025	4452.15	0	2.27	-0.181	0.577	-0.147	0.25	
206171213	2.6792	0.092706945	4681.37	0	2.119	-0.099	0.577	-0.068	0.247	
206173795	2.3732	0.47830485	4378.18	0	2.32	-0.217	0.542	-0.192	0.215	
206174388	2.5962	-0.25923427	4657.66	0	2.129	-0.116	0.558	-0.099	0.231	
206176188	2.2567	0.23431015	4388.36	0	2.312	-0.212	0.534	-0.188	0.207	
206177144	2.69	-0.082474546	4679.22	0	2.118	-0.104	0.568	-0.08	0.24	
206179101	2.7865	0.15803479	4666.14	0	2.13	-0.104	0.578	-0.071	0.248	
206179276	2.5652	-1.6931999	5215.49	0	1.76	-0.033	0.52	-0.043	0.192	
206179455	2.98	0.32250764	4781.16	0	2.059	-0.064	0.599	-0.024	0.268	
206179462	2.2102	-0.64354484	4463.75	0	2.252	-0.196	0.515	-0.195	0.191	
206180021	2.1777	-1.3591896	4937.26	0	1.936	-0.067	0.541	-0.07	0.214	
206183134	2.3632	0.077114827	4629.59	0	2.152	-0.116	0.572	-0.085	0.242	
206184270	2.4529	0.42365163	4769.61	0	2.067	-0.062	0.608	-0.016	0.275	
206185854	2.5644	-0.5142619	4620.81	0	2.149	-0.135	0.542	-0.127	0.216	
206187398	2.0065	-0.26748914	4475.58	0	2.25	-0.182	0.534	-0.168	0.208	
206187897	2.3718	-0.71953658	5190.71	0	1.792	-0.004	0.562	0.003	0.232	
206188223	3.1467	0.027190707	4926.99	0	1.964	-0.033	0.593	-0.003	0.263	
206188390	2.6012	-0.11029077	4657.27	0	2.132	-0.112	0.565	-0.089	0.237	
206188504	2.4564	-0.15948896	4676.46	0	2.119	-0.106	0.566	-0.084	0.238	
206188891	2.5585	-0.17185419	4725.13	0	2.087	-0.092	0.57	-0.07	0.242	
206189690	2.8304	0.041207086	4788.95	0	2.05	-0.068	0.586	-0.037	0.255	
206190527	2.8042	-0.38128177	4785.59	0	2.045	-0.082	0.564	-0.067	0.236	
206190588	2.7736	-0.19707391	4782.55	0	2.05	-0.077	0.573	-0.055	0.245	
206190871	2.6221	-0.26538199	4733.72	0	2.08	-0.092	0.566	-0.074	0.239	
206191057	2.4379	-0.16877004	4918.89	0	1.967	-0.038	0.587	-0.013	0.258	
206191788	2.7959	-1.0417007	4901.91	0	1.959	-0.072	0.541	-0.072	0.214	
206192094	2.3805	-0.19400786	4832.4	0	2.02	-0.061	0.581	-0.037	0.252	
206195829	3.0692	-0.085691962	4879.12	0	1.992	-0.048	0.584	-0.023	0.255	
206198028	2.3843	-0.49118013	4642.84	0	2.135	-0.126	0.547	-0.117	0.222	
206201021	2.8777	0.30701089	4824.92	0	2.031	-0.051	0.603	-0.01	0.272	
206201523	2.2224	-0.12531164	4591.9	0	2.175	-0.134	0.558	-0.111	0.23	
206207543	2.4615	0.10214653	4812.71	0	2.037	-0.057	0.594	-0.022	0.263	
206211780	2.856	-0.35211381	4905.76	0	1.97	-0.05	0.573	-0.033	0.244	
206212160	2.446	-0.31530744	4655.28	0	2.13	-0.118	0.556	-0.102	0.23	
206213712	2.2214	-0.84426989	4807.94	0	2.025	-0.086	0.55	-0.082	0.224	
206216532	2.64	0.2822644	4630.8	0	2.154	-0.113	0.58	-0.077	0.25	
206220686	2.8661	-0.21382374	4848.7	0	2.008	-0.06	0.577	-0.039	0.248	
206222051	2.3392	-0.51542316	4933.57	0	1.951	-0.046	0.571	-0.033	0.243	
206223294	3.091	0.066749717	5166.82	0	1.821	0.019	0.603	0.049	0.271	
206224070	2.4219	-0.68806756	5218.56	0	1.775	0.001	0.562	0.009	0.232	
206224320	2.5364	-0.60449066	4769.58	0	2.051	-0.091	0.554	-0.083	0.227	
206226228	2.8127	-0.82796639	4985.23	0	1.912	-0.048	0.552	-0.044	0.224	
206232486	2.8184	-0.40538773	4875.01	0	1.988	-0.059	0.568	-0.044	0.241	
206232694	2.6562	0.0023384752	4704.69	0	2.103	-0.094	0.576	-0.065	0.246	
206232745	2.5434	-0.85577503	4788.25	0	2.035	-0.093	0.544	-0.091	0.218	
206234070	2.3044	0.20644787	4620.97	0	2.159	-0.116	0.577	-0.08	0.247	
206234446	2.3739	0.029063034	4760.08	0	2.069	-0.074	0.586	-0.042	0.256	
206237975	2.4625	0.069370314	4482.84	0	2.248	-0.173	0.546	-0.149	0.218	
206238956	3.0295	0.9927564	4603.94	0	2.174	-0.12	0.612	-0.075	0.284	
206239697	2.4899	-0.95680695	4772.06	0	2.044	-0.1	0.54	-0.1	0.214	
206242642	2.9447	0.36144118	4666.52	0	2.132	-0.101	0.588	-0.062	0.257	
206246011	2.667	-0.030329862	4580.61	0	2.182	-0.138	0.557	-0.114	0.229	
206246651	2.1136	0.48476957	4240.42	0	2.414	-0.291	0.505	-0.287	0.183	
206246830	2.8135	-0.36139747	5004.68	0	1.909	-0.028	0.576	-0.011	0.247	
206249284	2.4335	-0.058617553	4876.07	0	1.995	-0.045	0.591	-0.016	0.261	
206253936	2.3735	0.27854793	4714.63	0	2.1	-0.082	0.594	-0.042	0.262	
206254014	2.5164	-0.78627099	4681.37	0	2.105	-0.122	0.538	-0.12	0.213	
206254392	2.7946	0.019881939	4699.31	0	2.106	-0.096	0.575	-0.067	0.246	
206255139	2.341	0.069969797	4817.83	0	2.033	-0.056	0.594	-0.022	0.263	
206255910	2.5493	-0.3479724	4784.3	0	2.047	-0.08	0.567	-0.063	0.24	
206257202	2.2552	-0.73288805	4685.06	0	2.105	-0.119	0.543	-0.114	0.218	
206257652	2.9551	0.21057821	4955.1	0	1.95	-0.019	0.607	0.018	0.275	
206259126	2.8458	-0.23344355	4828.22	0	2.021	-0.066	0.574	-0.045	0.246	
206260857	2.3772	-0.45003238	4934.11	0	1.952	-0.044	0.573	-0.029	0.245	
206261459	2.5599	0.19993792	4633.5	0	2.151	-0.113	0.577	-0.079	0.247	
206262009	2.6329	-0.14300421	4601.44	0	2.167	-0.133	0.555	-0.113	0.228	
206265026	2.6511	-0.56970428	4883.74	0	1.98	-0.061	0.562	-0.051	0.234	
206265038	2.4721	0.27856885	4508.64	0	2.233	-0.16	0.56	-0.129	0.231	
206266824	2.5199	0.088524578	4668.96	0	2.127	-0.103	0.577	-0.071	0.247	
206269425	2.1736	-0.72868824	4676.38	0	2.111	-0.121	0.544	-0.116	0.218	
206269742	2.2736	-0.57776651	4675.69	0	2.113	-0.118	0.549	-0.109	0.223	
206270185	2.576	-1.3671752	5021.03	0	1.882	-0.054	0.536	-0.059	0.208	
206270383	2.6874	-0.02078658	4712.84	0	2.097	-0.092	0.575	-0.064	0.246	
206271510	2.6737	-0.056180232	4656.53	0	2.133	-0.111	0.567	-0.086	0.238	
206272120	2.5873	-0.37279651	4681.91	0	2.111	-0.111	0.556	-0.098	0.229	
206273779	2.4857	-0.42058538	4803.99	0	2.033	-0.076	0.566	-0.062	0.239	
206278128	2.2547	-1.4561831	4989.52	0	1.902	-0.059	0.538	-0.064	0.211	
206278400	2.1009	-1.8039986	4980.21	0	1.905	-0.066	0.534	-0.075	0.207	
206281827	2.5715	-0.16096584	4717.46	0	2.092	-0.094	0.57	-0.071	0.242	
206282939	2.9158	-0.079839834	4858.06	0	2.005	-0.053	0.584	-0.027	0.255	
206284078	2.2598	-0.26289364	4954.37	0	1.944	-0.032	0.586	-0.01	0.257	
206284191	2.7673	-0.27313934	4751.41	0	2.068	-0.088	0.566	-0.07	0.239	
206289941	2.3571	0.06207871	4732.78	0	2.086	-0.081	0.585	-0.049	0.254	
206292951	2.5459	-1.4766369	5124.08	0	1.818	-0.039	0.531	-0.045	0.203	
206294914	2.9321	-0.23094323	4973.98	0	1.93	-0.03	0.582	-0.009	0.253	
206296941	2.6398	-0.2486692	4816.7	0	2.028	-0.068	0.574	-0.048	0.246	
206299411	2.3811	-0.21417047	4872.17	0	1.995	-0.051	0.583	-0.028	0.254	
206300051	2.7694	-0.27090346	4765.74	0	2.059	-0.084	0.568	-0.066	0.24	
206304853	2.4451	-0.23742106	4893.36	0	1.981	-0.047	0.582	-0.025	0.253	
206305916	2.7501	-0.37462472	4840.29	0	2.01	-0.066	0.568	-0.051	0.241	
206306389	2.3299	-0.084630309	4552.01	0	2.201	-0.148	0.552	-0.126	0.224	
206308317	2.7538	-0.029932631	4882.6	0	1.991	-0.044	0.59	-0.015	0.26	
206311391	3.0215	-0.17703402	5036.53	0	1.893	-0.015	0.586	0.007	0.256	
206311870	2.4605	-1.724646	5126.35	0	1.813	-0.044	0.526	-0.054	0.197	
206313684	2.1866	-0.1141396	4482.68	0	2.246	-0.176	0.54	-0.157	0.213	
206314187	2.5316	-0.43746686	4769.92	0	2.054	-0.086	0.562	-0.073	0.235	
206315277	2.445	-0.43624775	4659.31	0	2.125	-0.12	0.551	-0.108	0.225	
206316363	2.5249	-0.59566567	4681.75	0	2.108	-0.117	0.546	-0.11	0.22	
206319951	2.3587	-0.49632414	4981.43	0	1.922	-0.035	0.573	-0.021	0.245	
206320258	2.6425	0.47953935	4588.49	0	2.182	-0.126	0.584	-0.086	0.253	
206322094	2.6322	-0.42445071	4715.11	0	2.089	-0.103	0.556	-0.09	0.23	
206328599	2.826	-0.1956581	4887.32	0	1.985	-0.049	0.58	-0.027	0.251	
206329537	2.6986	0.21482056	4618.84	0	2.161	-0.119	0.575	-0.085	0.245	
206331788	2.429	0.20498682	4506.17	0	2.234	-0.161	0.557	-0.132	0.227	
206333689	2.6675	-0.51200156	4789.84	0	2.04	-0.084	0.559	-0.073	0.232	
206335422	2.2671	-0.34095889	4599.3	0	2.167	-0.137	0.549	-0.123	0.223	
206337829	2.3588	-0.39440731	5015.17	0	1.904	-0.024	0.579	-0.007	0.25	
206340061	2.4482	-0.95727378	4845.87	0	1.998	-0.081	0.545	-0.08	0.218	
206340229	2.3941	-0.20199793	4947.9	0	1.948	-0.032	0.587	-0.009	0.258	
206342320	2.4153	0.43453681	4708.41	0	2.105	-0.081	0.601	-0.036	0.269	
206347439	2.4562	-0.15221261	4613.73	0	2.159	-0.128	0.558	-0.107	0.23	
206350204	2.3541	-0.30322191	4857.94	0	2.002	-0.058	0.577	-0.038	0.249	
206350227	2.3657	-0.29123884	4828.01	0	2.021	-0.065	0.576	-0.045	0.248	
206357578	2.6117	-0.8367275	4850.12	0	1.996	-0.077	0.548	-0.074	0.222	
206357857	2.5861	-0.46779208	4705.33	0	2.095	-0.107	0.554	-0.096	0.227	
206358304	2.404	-0.95703372	4812.6	0	2.019	-0.089	0.544	-0.088	0.217	
206360126	2.4331	0.017028251	4776.16	0	2.058	-0.07	0.586	-0.039	0.256	
206361919	2.4638	0.043591127	4740.61	0	2.081	-0.08	0.584	-0.048	0.253	
206362356	2.421	-0.80080734	4685.76	0	2.102	-0.121	0.539	-0.119	0.213	
206363486	2.4149	-0.28852756	4792.07	0	2.043	-0.075	0.572	-0.056	0.245	
206366029	2.5659	0.019125423	4636.97	0	2.147	-0.115	0.568	-0.087	0.239	
206369189	2.4389	-0.32904255	4650.98	0	2.133	-0.12	0.555	-0.105	0.229	
206369951	2.5915	-0.1125607	5049.04	0	1.888	-0.008	0.594	0.018	0.264	
206370193	2.7298	-0.21144564	4794.23	0	2.043	-0.074	0.574	-0.053	0.245	
206370898	2.7512	0.21860264	4621.64	0	2.159	-0.118	0.575	-0.085	0.245	
206371409	2.8654	-0.42789397	4811.77	0	2.027	-0.076	0.563	-0.063	0.236	
206375988	2.7125	-0.78670811	4870.64	0	1.984	-0.071	0.551	-0.067	0.224	
206376625	2.9911	0.02222228	4806.15	0	2.039	-0.064	0.585	-0.035	0.255	
206378264	2.3585	0.032297679	4523.99	0	2.22	-0.156	0.552	-0.131	0.224	
206384822	1.9716	0.049933532	4195.79	0	2.443	-0.315	0.475	-0.314	0.152	
206389784	2.2791	-0.38901325	4483.47	0	2.242	-0.182	0.528	-0.174	0.203	
206390470	2.982	0.38839655	4772.07	0	2.065	-0.065	0.602	-0.024	0.27	
206404638	2.4736	-1.4504281	5081.06	0	1.844	-0.045	0.534	-0.05	0.206	
206405648	2.723	0.11735325	4783.73	0	2.055	-0.067	0.59	-0.033	0.259	
206409744	2.4193	-0.13812489	4746.68	0	2.075	-0.083	0.576	-0.059	0.247	
206409829	2.4312	-0.54236348	4865.01	0	1.993	-0.064	0.565	-0.052	0.237	
206410215	2.2483	-1.2963431	4805.28	0	2.019	-0.097	0.536	-0.101	0.21	
206420120	2.8779	-0.48092204	4699.48	0	2.098	-0.11	0.551	-0.1	0.224	
206420485	2.397	-0.27628416	4987.74	0	1.922	-0.026	0.585	-0.005	0.256	
206421600	3.0056	-0.08368461	5064.67	0	1.879	-0.006	0.593	0.02	0.262	
206424214	3.0027	-0.42448852	4870.19	0	1.99	-0.062	0.566	-0.048	0.238	
206426057	2.6495	-0.15343433	4647.58	0	2.137	-0.117	0.561	-0.096	0.234	
206427217	2.8911	-0.14233857	4719.95	0	2.091	-0.094	0.569	-0.072	0.241	
206427649	2.4486	-0.043742066	4954.69	0	1.947	-0.025	0.596	0.005	0.266	
206433313	2.5094	0.016642136	4718.49	0	2.095	-0.088	0.579	-0.058	0.249	
206434484	2.6174	0.42093562	4573.67	0	2.191	-0.132	0.578	-0.094	0.248	
206442484	2.6585	-0.45477924	4672.85	0	2.116	-0.117	0.55	-0.106	0.224	
206449598	2.7162	-0.0033096039	4706.85	0	2.101	-0.093	0.575	-0.065	0.246	
206452655	2.5404	-0.74120371	4851.18	0	1.997	-0.074	0.553	-0.068	0.226	
206467499	2.6698	-0.64841037	4899.26	0	1.969	-0.06	0.559	-0.052	0.231	
206469710	2.7578	0.15514722	4740.39	0	2.082	-0.079	0.587	-0.045	0.257	
206469745	2.5026	-0.45609933	4920.57	0	1.96	-0.048	0.571	-0.034	0.243	
206474004	3.0564	0.43311106	4880.11	0	1.999	-0.033	0.615	0.012	0.282	
206483199	2.6021	-0.37536775	4641.83	0	2.137	-0.125	0.551	-0.112	0.224	
206501912	2.5953	0.053134729	4540.14	0	2.21	-0.151	0.555	-0.126	0.226	
206506618	2.6853	0.15371955	4578.63	0	2.186	-0.135	0.565	-0.105	0.236	
206520071	2.6656	-0.31370216	4759.26	0	2.063	-0.086	0.566	-0.07	0.238	
206528539	2.9509	0.053467995	4792.31	0	2.048	-0.067	0.586	-0.036	0.256	
206534929	2.2727	-0.45343364	4924.77	0	1.958	-0.046	0.574	-0.03	0.246	
206550119	2.4041	0.77833752	4500.57	0	2.239	-0.159	0.584	-0.12	0.255	
212270583	2.5968	-0.4606407	4780.98	0	2.047	-0.084	0.561	-0.072	0.234	
212270773	2.2951	-0.5812163	4882.17	0	1.982	-0.06	0.565	-0.049	0.238	
212271048	2.6523	-0.63075373	4785.14	0	2.041	-0.088	0.553	-0.081	0.226	
212272465	2.4254	-1.0219803	4769.59	0	2.045	-0.102	0.538	-0.103	0.212	
212273930	3.0464	0.25307814	4775.13	0	2.062	-0.068	0.594	-0.031	0.263	
212274641	2.829	-0.81618068	4925.92	0	1.948	-0.06	0.55	-0.056	0.223	
212275521	2.4955	-1.709171	5141.55	0	1.804	-0.042	0.525	-0.051	0.197	
212277334	2.5345	-0.25723485	4677.68	0	2.116	-0.109	0.561	-0.091	0.234	
212277408	2.5093	-1.9562795	5222.65	0	1.752	-0.038	0.513	-0.051	0.184	
212277905	2.1713	-1.6398428	4976.56	0	1.908	-0.064	0.536	-0.071	0.209	
212278312	2.3824	-0.12947921	4560.4	0	2.195	-0.146	0.552	-0.126	0.224	
212281962	2.2991	0.32569302	4445.43	0	2.275	-0.185	0.551	-0.155	0.222	
212284436	2.3994	0.36012709	4815.35	0	2.038	-0.049	0.61	-0.004	0.277	
212284673	2.5781	-0.53598359	4713.15	0	2.088	-0.106	0.552	-0.097	0.225	
212286115	2.6296	-0.14904201	4681.53	0	2.115	-0.105	0.566	-0.083	0.238	
212286256	2.2723	-1.5638201	5028.24	0	1.877	-0.054	0.535	-0.061	0.208	
212286686	2.5012	-0.57602621	4690.43	0	2.103	-0.114	0.548	-0.106	0.222	
212286734	2.5667	-0.62606377	4727.85	0	2.077	-0.104	0.549	-0.097	0.223	
212287443	2.371	-0.46630148	4964.64	0	1.933	-0.038	0.574	-0.023	0.246	
212288420	2.6409	-0.30246967	4794.21	0	2.041	-0.076	0.57	-0.058	0.242	
212289738	2.5595	-0.16018556	4687.32	0	2.112	-0.103	0.567	-0.081	0.239	
212289909	2.9846	-0.20928569	4888.87	0	1.983	-0.05	0.579	-0.029	0.25	
212290958	2.3719	-0.71629112	5105.37	0	1.843	-0.018	0.563	-0.01	0.234	
212291221	2.399	-0.17996906	4462.18	0	2.259	-0.187	0.532	-0.172	0.206	
212292040	2.6796	-0.69237164	4879.48	0	1.98	-0.066	0.556	-0.059	0.228	
212293230	2.5726	-0.54532223	4754.39	0	2.062	-0.094	0.555	-0.085	0.228	
212293301	2.7981	0.3997675	4592.45	0	2.179	-0.126	0.579	-0.089	0.249	
212293577	2.2813	0.16204137	4442.11	0	2.276	-0.188	0.543	-0.163	0.214	
212293601	2.398	0.083624749	4837.63	0	2.021	-0.05	0.596	-0.016	0.265	
212294534	2.6321	0.43334234	4624.82	0	2.159	-0.112	0.587	-0.072	0.256	
212296145	2.1427	-1.6862795	5017.31	0	1.883	-0.057	0.535	-0.065	0.208	
212296445	2.3745	-0.028925339	4889.59	0	1.987	-0.04	0.594	-0.009	0.264	
212297620	2.3447	-0.89802847	4848.49	0	1.997	-0.078	0.549	-0.075	0.222	
212298320	2.4951	-0.1491656	4898.83	0	1.979	-0.043	0.587	-0.017	0.257	
212298350	2.5379	-0.56810525	4730.57	0	2.077	-0.102	0.552	-0.093	0.226	
212298375	2.4365	-0.56644507	4693.36	0	2.101	-0.112	0.55	-0.104	0.223	
212299496	2.7697	-1.0414671	5043.27	0	1.872	-0.043	0.544	-0.043	0.215	
212299500	2.4702	0.045783701	4869.04	0	2.001	-0.044	0.596	-0.01	0.265	
212300064	2.7433	-0.61127971	4791.44	0	2.037	-0.087	0.553	-0.079	0.227	
212300942	2.8696	-0.28945937	4846.79	0	2.008	-0.063	0.572	-0.044	0.244	
212301806	2.6956	-0.22147945	4733.98	0	2.081	-0.091	0.568	-0.072	0.24	
212302713	2.4237	-0.29003051	4841.87	0	2.012	-0.062	0.576	-0.042	0.248	
212302714	2.3152	-0.42808115	4686.08	0	2.109	-0.11	0.556	-0.097	0.23	
212303202	2.7496	-0.45167217	4849.25	0	2.003	-0.067	0.565	-0.053	0.238	
212303205	2.5345	0.011027746	4738.81	0	2.082	-0.082	0.581	-0.052	0.251	
212305300	2.4783	0.65022275	4403.33	0	2.304	-0.206	0.555	-0.178	0.229	
212305458	2.2887	0.17263577	4444.73	0	2.274	-0.187	0.544	-0.161	0.215	
212305812	2.3198	-1.5714558	4640.88	0	2.12	-0.146	0.517	-0.157	0.192	
212307389	2.8124	-0.17742077	4842.91	0	2.013	-0.06	0.579	-0.037	0.25	
212308485	2.616	0.49139718	4612.86	0	2.167	-0.116	0.588	-0.074	0.257	
212308990	2.6037	-1.2764263	5199.44	0	1.775	-0.023	0.534	-0.027	0.205	
212309315	2.7857	-0.68640169	4773.62	0	2.046	-0.094	0.548	-0.088	0.222	
212311460	2.523	-0.38863144	4648.91	0	2.133	-0.122	0.552	-0.11	0.225	
212312393	2.8014	-0.41717817	4812.44	0	2.027	-0.075	0.564	-0.062	0.237	
212312807	2.7236	0.51466014	4601.81	0	2.174	-0.121	0.587	-0.079	0.257	
212312911	2.6552	-0.095421971	4712.21	0	2.097	-0.094	0.572	-0.069	0.243	
212313031	2.6646	0.15784471	4802.02	0	2.044	-0.06	0.594	-0.024	0.263	
212314603	2.7643	0.52503132	4640.57	0	2.149	-0.106	0.594	-0.063	0.263	
212314902	2.7195	-0.90565953	4947.17	0	1.934	-0.058	0.548	-0.055	0.221	
212315127	2.3672	-0.15207441	4918.54	0	1.967	-0.037	0.589	-0.012	0.26	
212315332	2.4257	-1.7290799	5191.52	0	1.774	-0.035	0.523	-0.045	0.194	
212316597	2.3365	-0.46373699	4780.27	0	2.048	-0.083	0.564	-0.07	0.237	
212316863	2.917	-0.65715445	4830.48	0	2.011	-0.078	0.553	-0.071	0.226	
212317152	2.3713	-0.76656234	5077.57	0	1.858	-0.025	0.561	-0.018	0.232	
212317267	2.899	-0.65670784	4985.38	0	1.915	-0.043	0.559	-0.035	0.231	
212319503	2.3728	0.29683617	4728.27	0	2.092	-0.077	0.596	-0.036	0.264	
212319585	2.3517	-1.6279735	5129.62	0	1.813	-0.04	0.53	-0.048	0.202	
212320660	2.672	0.11711295	4628.13	0	2.153	-0.117	0.571	-0.086	0.242	
212321350	2.4099	0.18459439	4777.51	0	2.06	-0.065	0.596	-0.027	0.264	
212321868	2.3866	-0.77758204	5006.34	0	1.901	-0.039	0.559	-0.033	0.231	
212322695	2.5547	-0.44493821	4776.66	0	2.05	-0.085	0.562	-0.072	0.235	
212323006	2.6079	-1.2559217	5174.62	0	1.79	-0.026	0.536	-0.03	0.207	
212323451	2.7751	-0.80926318	4871.71	0	1.982	-0.072	0.549	-0.068	0.222	
212323768	2.0898	-0.81220066	4629.36	0	2.141	-0.138	0.536	-0.136	0.211	
212325264	2.6541	0.069069148	4682.45	0	2.118	-0.099	0.576	-0.069	0.247	
212326456	2.1392	-0.6361213	4509.88	0	2.221	-0.177	0.524	-0.175	0.2	
212326985	2.3613	-0.34038226	4762.69	0	2.061	-0.085	0.568	-0.068	0.24	
212327499	2.3024	-1.5586397	5027.42	0	1.877	-0.055	0.535	-0.061	0.208	
212328003	2.2671	0.095408599	4685.07	0	2.117	-0.096	0.581	-0.062	0.251	
212328705	2.6546	-0.64069584	4847.24	0	2.001	-0.073	0.557	-0.064	0.229	
212329041	2.5496	-0.30359125	4734.68	0	2.079	-0.093	0.565	-0.076	0.238	
212329105	2.235	0.052420187	4501.38	0	2.236	-0.165	0.55	-0.139	0.221	
212330307	2.536	-0.096815537	4663	0	2.128	-0.109	0.567	-0.085	0.238	
212330339	2.5934	-2.0820462	5248.04	0	1.736	-0.04	0.506	-0.054	0.177	
212330911	2.2704	-1.0906017	4748.21	0	2.058	-0.108	0.536	-0.11	0.211	
212333310	2.5297	-1.1038572	4834.9	0	2.002	-0.087	0.538	-0.089	0.212	
212333509	2.395	-1.0241721	5109.52	0	1.835	-0.027	0.549	-0.026	0.22	
212334630	2.6105	-0.83415658	4650.7	0	2.123	-0.133	0.532	-0.133	0.207	
212334691	2.7695	-0.29236576	4813.36	0	2.029	-0.071	0.571	-0.053	0.243	
212335603	2.5759	-0.25186748	4831.83	0	2.019	-0.064	0.576	-0.044	0.248	
212336452	2.5187	-1.4256918	4969.27	0	1.913	-0.064	0.535	-0.07	0.208	
212336755	2.369	-0.61646142	4861.38	0	1.994	-0.067	0.562	-0.057	0.235	
212336759	2.554	-1.2796102	4848.47	0	1.99	-0.088	0.534	-0.092	0.208	
212336837	2.4187	0.33364834	4621.37	0	2.16	-0.114	0.583	-0.075	0.252	
212338139	2.3772	-0.31950691	4919.86	0	1.963	-0.043	0.58	-0.024	0.251	
212338248	2.2397	-1.0462711	4729.57	0	2.071	-0.113	0.536	-0.114	0.211	
212339359	2.5881	-0.65815223	4765.11	0	2.053	-0.094	0.551	-0.088	0.224	
212339544	2.8401	0.07190932	4601.18	0	2.17	-0.129	0.564	-0.101	0.235	
212341040	2.3652	-0.99661682	4934.51	0	1.942	-0.061	0.548	-0.059	0.221	
212341087	2.3268	0.52137509	4554.92	0	2.203	-0.136	0.582	-0.095	0.251	
212341571	2.7689	-0.52223086	4740.59	0	2.071	-0.099	0.553	-0.089	0.227	
212341801	2.6435	-0.16875173	4567.56	0	2.189	-0.146	0.549	-0.128	0.222	
212342273	2.4529	0.17554597	4709.28	0	2.102	-0.087	0.587	-0.051	0.256	
212342710	2.4803	0.30944592	4786.8	0	2.055	-0.059	0.603	-0.017	0.271	
212343137	2.5107	0.066408883	4506.74	0	2.232	-0.164	0.55	-0.139	0.222	
212344902	2.8114	-0.78777616	4966.67	0	1.924	-0.05	0.553	-0.045	0.225	
212345443	2.4504	0.19445118	4698.96	0	2.109	-0.09	0.587	-0.053	0.256	
212346731	2.5883	-0.28706299	4708.81	0	2.096	-0.101	0.563	-0.083	0.236	
212349460	2.3941	0.1634595	4751.03	0	2.076	-0.073	0.592	-0.037	0.261	
212350881	2.6065	-0.38046684	4741.44	0	2.073	-0.093	0.561	-0.079	0.234	
212351799	2.6826	-0.52674991	4679.91	0	2.11	-0.117	0.548	-0.108	0.222	
212352700	2.3588	-0.72510953	5067.53	0	1.865	-0.025	0.563	-0.018	0.234	
212352865	2.2527	-0.66327097	4556.61	0	2.189	-0.16	0.53	-0.158	0.205	
212353324	2.1251	-1.8824746	5022.97	0	1.877	-0.06	0.531	-0.07	0.204	
212355230	2.2189	-0.94852268	4760.16	0	2.053	-0.102	0.543	-0.101	0.217	
212356810	2.6214	-0.18775371	4643.46	0	2.139	-0.119	0.559	-0.1	0.232	
212356919	2.6286	-0.44646775	4780.58	0	2.047	-0.084	0.561	-0.071	0.234	
212357017	2.952	0.19867164	4831.08	0	2.026	-0.052	0.597	-0.016	0.266	
212357642	2.3523	-0.29872501	4834.1	0	2.017	-0.064	0.576	-0.044	0.248	
212358828	2.8661	-0.22906696	4873.38	0	1.992	-0.054	0.577	-0.033	0.249	
212358960	2.7111	-1.6275932	5013.78	0	1.881	-0.061	0.528	-0.07	0.201	
212360542	2.4154	0.16234954	4690.42	0	2.114	-0.093	0.584	-0.058	0.253	
212362066	2.3207	-0.89919776	4741.11	0	2.066	-0.106	0.541	-0.105	0.216	
212362900	2.7234	-0.18008808	4694.13	0	2.107	-0.103	0.565	-0.082	0.237	
212363050	2.3601	0.11748789	4695.46	0	2.111	-0.092	0.583	-0.058	0.252	
212363846	2.5337	0.031457829	4536.27	0	2.212	-0.153	0.553	-0.128	0.225	
212364163	2.4013	0.56478705	4497.33	0	2.241	-0.161	0.572	-0.124	0.243	
212364471	2.5834	-1.4430545	5125.62	0	1.817	-0.038	0.532	-0.044	0.203	
212365600	2.857	0.010733871	4868.96	0	2	-0.047	0.59	-0.017	0.26	
212365966	2.9647	-0.3808868	4914.17	0	1.964	-0.049	0.571	-0.034	0.242	
212367437	2.5894	-0.62282096	4842.74	0	2.005	-0.073	0.558	-0.064	0.231	
212370308	2.3365	-0.85153359	4695.44	0	2.096	-0.119	0.539	-0.117	0.213	
212370565	2.6288	0.25068807	4726.53	0	2.092	-0.08	0.591	-0.043	0.26	
212371714	2.4974	-0.3924194	4680.75	0	2.112	-0.112	0.555	-0.099	0.229	
212373022	2.2529	-1.7702593	5056.8	0	1.857	-0.054	0.53	-0.063	0.203	
212373386	2.7064	-0.88169315	4923.75	0	1.949	-0.062	0.549	-0.059	0.221	
212375005	2.7055	-0.46981382	4702.17	0	2.096	-0.108	0.552	-0.098	0.226	
212375293	2.519	-0.87838171	4817.75	0	2.016	-0.086	0.546	-0.084	0.219	
212375638	2.506	-1.9967955	5218.32	0	1.755	-0.04	0.512	-0.053	0.183	
212375661	2.5433	-0.69109591	4753.49	0	2.06	-0.098	0.549	-0.093	0.222	
212375691	2.4105	0.67298502	4560.31	0	2.2	-0.133	0.59	-0.089	0.259	
212375893	2.3846	-0.63032193	5034.9	0	1.887	-0.029	0.567	-0.019	0.238	
212376011	2.7456	-1.0228549	4879.32	0	1.974	-0.076	0.541	-0.076	0.214	
212376089	2.4637	-1.1980951	5119.27	0	1.825	-0.032	0.541	-0.034	0.213	
212377181	2.5413	-0.84052653	4713.53	0	2.083	-0.114	0.539	-0.112	0.213	
212381326	2.9429	-0.74421626	4956.79	0	1.93	-0.052	0.554	-0.046	0.226	
212385498	2.6923	0.43631673	4528.62	0	2.221	-0.151	0.57	-0.116	0.241	
212387508	2.8649	-0.36460826	5017.33	0	1.901	-0.026	0.576	-0.009	0.247	
212389209	2.4657	-0.63554287	4678.99	0	2.109	-0.119	0.545	-0.113	0.219	
212389940	2.043	0.12137079	4420.34	0	2.29	-0.197	0.538	-0.172	0.209	
212390165	2.2762	-0.25669106	4838.01	0	2.016	-0.061	0.579	-0.039	0.251	
212390470	2.3722	-0.34410116	4869.56	0	1.994	-0.056	0.576	-0.038	0.248	
212392367	2.3938	-0.43007435	4832.6	0	2.015	-0.068	0.569	-0.054	0.241	
212392830	3.1509	-0.33955243	5035.97	0	1.89	-0.022	0.576	-0.005	0.246	
212393873	2.185	-0.38865742	4488.06	0	2.239	-0.18	0.53	-0.171	0.205	
212394423	2.6753	-0.32135709	4736.41	0	2.077	-0.094	0.563	-0.077	0.236	
212394760	2.4685	-1.05286	4818.67	0	2.013	-0.09	0.54	-0.091	0.214	
212395033	2.6189	0.38227529	4540.1	0	2.213	-0.146	0.57	-0.111	0.241	
212395184	2.859	-0.45470171	4946.33	0	1.943	-0.044	0.569	-0.031	0.241	
212396528	2.3814	-0.42522058	4587.52	0	2.172	-0.144	0.543	-0.134	0.217	
212398408	2.6574	0.34807359	4710.13	0	2.104	-0.084	0.594	-0.043	0.263	
212398729	2.6832	-0.31675277	4772.03	0	2.055	-0.083	0.567	-0.066	0.239	
212401077	2.0941	-1.0475242	4736.87	0	2.068	-0.11	0.539	-0.111	0.214	
212401624	2.3997	-0.15569574	4913.23	0	1.97	-0.039	0.588	-0.013	0.259	
212402298	2.7606	-0.39209661	4917.34	0	1.962	-0.048	0.572	-0.033	0.244	
212404841	2.5547	-0.8049416	4773.12	0	2.046	-0.096	0.545	-0.093	0.219	
212405175	2.3944	-0.73816069	4828.07	0	2.013	-0.079	0.554	-0.073	0.227	
212406980	2.3804	-0.75373654	4790.34	0	2.036	-0.089	0.551	-0.084	0.224	
212407479	2.8254	-0.49699533	4921.89	0	1.957	-0.051	0.566	-0.039	0.238	
212407899	2.6011	-0.37755547	4670.85	0	2.118	-0.115	0.554	-0.102	0.228	
212408600	2.7136	-0.57611798	4879.09	0	1.982	-0.063	0.561	-0.053	0.233	
212408870	2.3242	-0.76019902	5104.25	0	1.843	-0.019	0.562	-0.012	0.233	
212409092	2.505	-0.55594952	4997.28	0	1.911	-0.035	0.568	-0.023	0.24	
212409442	2.0985	-0.38962447	4499.53	0	2.232	-0.175	0.533	-0.166	0.208	
212409894	2.3702	-0.057694855	4786.92	0	2.051	-0.069	0.584	-0.04	0.255	
212410121	2.7303	-0.80713501	4943.84	0	1.938	-0.055	0.552	-0.051	0.225	
212411479	2.2674	-0.14699707	4766.98	0	2.062	-0.077	0.579	-0.052	0.25	
212412193	2.2758	-0.25684195	4541.85	0	2.205	-0.156	0.544	-0.141	0.218	
212412236	2.3754	-0.12990011	4719.08	0	2.092	-0.091	0.573	-0.067	0.245	
212414229	2.4891	-0.56943527	4840.13	0	2.008	-0.071	0.561	-0.061	0.234	
212415256	2.6955	-0.26022592	4866.34	0	1.997	-0.056	0.577	-0.036	0.248	
212416240	2.9708	-0.31847911	4963.79	0	1.935	-0.036	0.576	-0.018	0.247	
212418209	2.3792	-0.81120502	4752.98	0	2.059	-0.101	0.545	-0.098	0.219	
212421773	2.695	0.61692064	4472.44	0	2.259	-0.175	0.568	-0.142	0.241	
212422971	3.0956	0.19984878	4827.15	0	2.029	-0.054	0.596	-0.018	0.265	
212424973	3.0016	-0.31174402	4985.93	0	1.921	-0.031	0.577	-0.013	0.248	
212425365	2.5807	-0.42255466	4739.46	0	2.074	-0.095	0.559	-0.082	0.233	
212425673	2.3448	-0.23840872	4623.42	0	2.152	-0.126	0.557	-0.108	0.23	
212426113	2.6009	-0.443631	4638.69	0	2.138	-0.128	0.547	-0.117	0.221	
212426291	2.4648	-0.11955571	4563.14	0	2.193	-0.145	0.552	-0.125	0.224	
212426710	2.5139	-0.25426879	4689.63	0	2.109	-0.105	0.563	-0.087	0.236	
212428250	2.3956	-0.64246277	4967.22	0	1.928	-0.043	0.565	-0.034	0.237	
212429068	2.478	-0.92429321	4852.02	0	1.994	-0.078	0.546	-0.077	0.22	
212429821	2.3742	-0.47244368	4919.31	0	1.961	-0.048	0.572	-0.034	0.244	
212432277	2.1752	-1.1622471	4850.81	0	1.993	-0.082	0.543	-0.084	0.216	
212432798	2.5536	-0.37580123	4747.09	0	2.07	-0.091	0.563	-0.076	0.236	
212433407	2.3585	-0.064933467	4486.85	0	2.244	-0.174	0.541	-0.153	0.214	
212433734	2.5883	-0.29963605	4737.29	0	2.077	-0.092	0.565	-0.075	0.238	
212434144	2.6089	-0.59164408	4701.36	0	2.095	-0.111	0.548	-0.104	0.222	
212434736	2.9779	-0.43548961	4836.77	0	2.011	-0.07	0.563	-0.057	0.236	
212434738	2.3663	-0.32993828	4859.93	0	2	-0.058	0.576	-0.039	0.248	
212435612	2.7386	-0.32725995	4861.58	0	1.998	-0.059	0.572	-0.042	0.244	
212435800	2.46	0.18613108	4624.75	0	2.156	-0.116	0.576	-0.082	0.245	
212436203	2.6447	-0.18451985	4679.06	0	2.116	-0.107	0.564	-0.087	0.236	
212436758	2.4593	0.063134847	4755.54	0	2.072	-0.075	0.586	-0.042	0.256	
212436835	2.4042	-1.8398943	5194.23	0	1.772	-0.037	0.52	-0.049	0.191	
212437324	2.237	-0.32828565	4825.43	0	2.022	-0.066	0.575	-0.047	0.247	
212438232	2.3568	-0.86781598	5109.13	0	1.838	-0.022	0.556	-0.018	0.227	
212439203	2.5009	0.054611932	4815.9	0	2.034	-0.058	0.592	-0.025	0.261	
212439842	2.4613	-1.2954115	4822.33	0	2.007	-0.094	0.534	-0.098	0.208	
212441200	2.5588	-0.92025669	4722.05	0	2.076	-0.113	0.536	-0.114	0.211	
212441928	2.3759	-0.1967199	4870.59	0	1.996	-0.051	0.584	-0.027	0.255	
212442296	2.5551	-0.31766431	4685.83	0	2.11	-0.109	0.559	-0.093	0.232	
212442630	2.6998	-0.18640183	4662.3	0	2.127	-0.113	0.561	-0.093	0.234	
212443190	2.4115	-0.79410954	4869.7	0	1.986	-0.07	0.553	-0.065	0.227	
212443898	2.3477	0.27197461	4636.9	0	2.15	-0.109	0.583	-0.071	0.252	
212444038	2.7719	0.39435414	4692.97	0	2.115	-0.09	0.594	-0.049	0.263	
212444101	2.462	-1.0340207	4864.97	0	1.984	-0.078	0.543	-0.078	0.216	
212444190	2.7108	-0.0012536749	4658.68	0	2.132	-0.109	0.569	-0.082	0.24	
212444220	2.3766	0.3633095	4607.42	0	2.169	-0.118	0.583	-0.079	0.251	
212445815	2.4145	-0.19810943	4804.02	0	2.037	-0.069	0.578	-0.046	0.25	
212446331	2.6962	-0.69274552	4881.65	0	1.979	-0.066	0.556	-0.059	0.228	
212446522	2.5153	-0.14829643	4578.04	0	2.182	-0.141	0.553	-0.121	0.225	
212447219	2.1581	-0.80900779	4644.5	0	2.13	-0.133	0.537	-0.131	0.212	
212448713	2.0505	0.14307782	4339.06	0	2.345	-0.236	0.52	-0.217	0.192	
212449374	2.3557	-0.1784768	4837.62	0	2.017	-0.059	0.582	-0.034	0.254	
212449752	2.6119	-0.193727	4708.31	0	2.098	-0.098	0.567	-0.077	0.239	
212451374	2.6708	0.34353046	4504.2	0	2.236	-0.162	0.561	-0.131	0.233	
212451986	2.8383	-0.36667711	4880.6	0	1.985	-0.056	0.571	-0.04	0.243	
212451992	2.3604	-1.2489427	4945.43	0	1.931	-0.064	0.541	-0.067	0.214	
212452281	2.7042	-0.10886024	4810.66	0	2.034	-0.065	0.581	-0.04	0.251	
212452623	2.304	-0.41876817	4546.91	0	2.199	-0.158	0.538	-0.149	0.212	
212452639	3.0924	-0.11099098	5035.51	0	1.896	-0.013	0.59	0.012	0.259	
212452787	2.399	-0.79524709	4659.6	0	2.119	-0.129	0.537	-0.127	0.211	
212453259	2.3651	0.011497773	4732.08	0	2.086	-0.083	0.582	-0.052	0.252	
212455631	2.171	-0.12813051	4257.36	0	2.399	-0.283	0.487	-0.281	0.163	
212456495	2.7106	-0.73291034	4936.56	0	1.944	-0.055	0.556	-0.048	0.228	
212456965	2.6418	-1.3591734	5132.96	0	1.814	-0.036	0.533	-0.041	0.205	
212457247	2.3682	-0.15195655	4832.5	0	2.021	-0.059	0.583	-0.034	0.254	
212457515	2.7612	0.26379497	4954.44	0	1.952	-0.017	0.612	0.023	0.28	
212457629	2.3098	0.096411714	4627.54	0	2.154	-0.116	0.573	-0.084	0.243	
212460874	2.5758	-0.22137876	4692.9	0	2.107	-0.104	0.564	-0.084	0.237	
212461950	2.5932	-0.16245085	4691.72	0	2.109	-0.102	0.567	-0.08	0.239	
212462388	2.354	-0.76246222	5077.26	0	1.859	-0.025	0.561	-0.018	0.232	
212463450	2.3312	-0.52863418	4964.34	0	1.932	-0.04	0.571	-0.027	0.243	
212464212	2.4214	-0.64768599	5074.02	0	1.863	-0.022	0.566	-0.013	0.237	
212465262	2.7204	-0.35608762	4872.38	0	1.991	-0.057	0.572	-0.041	0.244	
212466562	2.4661	-0.87011709	4869.3	0	1.984	-0.073	0.55	-0.07	0.223	
212466719	2.7274	-0.45096842	4783.03	0	2.045	-0.084	0.561	-0.072	0.234	
212466741	2.4092	-0.46769113	4870.99	0	1.991	-0.06	0.569	-0.046	0.241	
212467020	2.3444	-1.7655172	4997.29	0	1.892	-0.064	0.53	-0.074	0.203	
212467548	2.8701	0.35569336	4709.29	0	2.104	-0.086	0.593	-0.046	0.262	
212469178	2.6719	-0.76286075	4749.55	0	2.061	-0.102	0.544	-0.098	0.218	
212470452	2.4607	-0.40318246	4666.13	0	2.121	-0.117	0.554	-0.104	0.227	
212470675	2.6964	-0.92604731	4889.49	0	1.97	-0.071	0.546	-0.069	0.219	
212470900	2.2984	-0.57856009	4661.18	0	2.122	-0.122	0.547	-0.114	0.221	
212473659	2.6688	-0.71441617	4720.17	0	2.08	-0.109	0.544	-0.105	0.218	
212477304	2.3154	-0.13134041	4803.52	0	2.039	-0.066	0.583	-0.04	0.253	
212477424	2.2994	-0.96466605	5078.02	0	1.855	-0.03	0.553	-0.028	0.224	
212477603	2.0502	-1.3368334	4897	0	1.963	-0.074	0.543	-0.077	0.216	
212478403	2.5595	-0.71836718	4786.75	0	2.038	-0.09	0.55	-0.084	0.224	
212478724	2.8855	-0.33571694	4937.14	0	1.951	-0.042	0.575	-0.025	0.246	
212479153	2.7856	-0.22836909	4759.48	0	2.064	-0.084	0.569	-0.065	0.241	
212479462	2.5859	-0.30132023	4597.16	0	2.168	-0.138	0.548	-0.124	0.222	
212479984	2.6663	-0.64532217	4939.32	0	1.944	-0.051	0.56	-0.042	0.233	
212480475	2.63	-0.35129829	4759.43	0	2.062	-0.087	0.564	-0.072	0.237	
212481820	2.5285	-0.53995814	4789.13	0	2.04	-0.084	0.559	-0.074	0.232	
212482543	2.4106	-0.9830772	4800.19	0	2.026	-0.093	0.542	-0.093	0.216	
212483392	2.5734	-0.54072616	4747.82	0	2.066	-0.096	0.555	-0.086	0.228	
212483485	2.3689	-0.34776245	4873.71	0	1.991	-0.055	0.576	-0.037	0.248	
212485741	2.5079	-0.54083276	4754.56	0	2.062	-0.094	0.556	-0.084	0.229	
212486984	2.6246	-0.55522561	5083.45	0	1.858	-0.018	0.568	-0.007	0.239	
212487384	2.3606	-0.5969396	4938.53	0	1.947	-0.048	0.566	-0.037	0.239	
212488258	2.9951	-0.64852021	5026.66	0	1.889	-0.034	0.56	-0.026	0.231	
212488384	2.4245	-0.57228771	4752.69	0	2.063	-0.095	0.555	-0.085	0.229	
212488595	2.654	-1.2240085	4877.21	0	1.972	-0.08	0.536	-0.084	0.209	
212488872	2.6989	-0.14182037	4649.92	0	2.136	-0.116	0.562	-0.095	0.234	
212489237	2.447	-0.84250573	5045.33	0	1.876	-0.034	0.556	-0.029	0.228	
212489402	2.5523	-0.71748797	4818.21	0	2.019	-0.082	0.552	-0.076	0.226	
212491285	2.2988	-0.47255224	4637.66	0	2.139	-0.127	0.549	-0.117	0.223	
212493224	2.3824	0.15837835	4747.89	0	2.078	-0.075	0.591	-0.038	0.26	
212493922	2.5801	-0.35593389	4779.66	0	2.049	-0.081	0.566	-0.066	0.239	
212493947	2.5169	-1.0811548	4785.66	0	2.033	-0.099	0.536	-0.101	0.21	
212494855	2.5267	-0.43136227	4828.29	0	2.018	-0.07	0.567	-0.056	0.239	
212495315	2.4952	-0.44544634	4697.06	0	2.101	-0.108	0.555	-0.096	0.228	
212496254	2.9739	0.35517341	4665.52	0	2.132	-0.101	0.587	-0.063	0.257	
212496557	2.8092	-0.0025541503	4774.64	0	2.058	-0.073	0.582	-0.044	0.252	
212496987	2.5381	-0.95695029	4844.68	0	1.998	-0.081	0.544	-0.081	0.217	
212497454	2.7105	-0.42257833	4813.89	0	2.026	-0.075	0.565	-0.061	0.237	
212497825	2.7136	-0.5536124	4829.79	0	2.014	-0.075	0.559	-0.065	0.232	
212498250	2.7353	0.077960667	4793.81	0	2.048	-0.065	0.589	-0.032	0.258	
212498434	2.434	-0.30879156	4662.93	0	2.125	-0.115	0.558	-0.099	0.231	
212498968	2.2247	-0.86184502	4608.4	0	2.153	-0.146	0.53	-0.147	0.205	
212499036	2.3796	-1.4162064	5107.42	0	1.83	-0.039	0.536	-0.044	0.208	
212500796	2.532	-0.84054038	4811.51	0	2.021	-0.087	0.547	-0.084	0.22	
212501110	2.6458	-0.52881583	4916.07	0	1.961	-0.052	0.566	-0.041	0.238	
212501221	2.3329	0.22646033	4733.73	0	2.088	-0.077	0.594	-0.038	0.262	
212501312	2.5873	-0.57538631	4683.52	0	2.107	-0.116	0.547	-0.109	0.221	
212501359	2.5751	-1.0999222	5018.71	0	1.887	-0.048	0.544	-0.048	0.216	
212502915	2.7484	-0.61177716	4869.54	0	1.988	-0.067	0.558	-0.058	0.231	
212505239	2.6787	-0.0097200089	4602.08	0	2.169	-0.129	0.561	-0.104	0.233	
212505598	2.3311	-0.6373978	4982.78	0	1.919	-0.039	0.566	-0.029	0.238	
212508349	2.5026	0.3532405	4478.51	0	2.253	-0.172	0.558	-0.141	0.229	
212509108	2.8333	-0.29915814	4874.43	0	1.99	-0.056	0.574	-0.038	0.246	
212509459	2.4246	-0.11992442	4838.46	0	2.017	-0.057	0.585	-0.03	0.256	
212509787	2.8343	0.20534792	4814.05	0	2.037	-0.056	0.597	-0.019	0.266	
212510633	2.3174	0.38918213	4679.21	0	2.123	-0.092	0.595	-0.048	0.263	
212511648	2.5659	-0.46407524	4727.18	0	2.081	-0.1	0.556	-0.088	0.23	
212512682	2.3714	0.068034605	4870.14	0	2.001	-0.042	0.598	-0.008	0.267	
212512857	2.6235	-0.76648655	4859.04	0	1.992	-0.073	0.552	-0.068	0.225	
212513794	2.4079	0.20616236	4734.21	0	2.087	-0.078	0.592	-0.04	0.261	
212515041	2.7125	-0.66254863	4806.15	0	2.027	-0.084	0.552	-0.077	0.226	
212515804	2.352	-0.13106168	4816.71	0	2.031	-0.063	0.583	-0.037	0.254	
212515966	2.4978	-0.17807902	4657.34	0	2.131	-0.114	0.563	-0.093	0.235	
212516570	2.3333	-0.72532081	4639.02	0	2.134	-0.133	0.538	-0.13	0.212	
212517904	2.4611	-0.19747711	4869.98	0	1.996	-0.051	0.583	-0.028	0.254	
212517958	2.6085	-0.1419279	4693.36	0	2.108	-0.101	0.568	-0.079	0.24	
212519319	2.5754	0.21764807	4731.8	0	2.089	-0.079	0.591	-0.042	0.26	
212519591	2.2749	-0.22966009	4538.57	0	2.208	-0.157	0.545	-0.141	0.218	
212521191	2.8052	-0.3943277	4922.05	0	1.959	-0.047	0.572	-0.032	0.243	
212522143	2.611	-0.60828859	4845.08	0	2.003	-0.072	0.558	-0.063	0.231	
212522599	2.3381	0.35331552	4664.16	0	2.133	-0.098	0.591	-0.056	0.259	
212523520	2.338	0.080582106	4608.85	0	2.166	-0.123	0.569	-0.092	0.239	
212523536	2.3678	0.012394325	4818.86	0	2.032	-0.058	0.591	-0.026	0.26	
212525314	2.594	-0.29148872	4808.3	0	2.033	-0.072	0.572	-0.053	0.244	
212525552	2.4533	-0.47853639	5040.69	0	1.886	-0.023	0.574	-0.009	0.245	
212526274	2.7414	-0.22364845	4828.48	0	2.021	-0.065	0.576	-0.044	0.247	
212526571	2.6953	-0.26216835	4737.27	0	2.078	-0.092	0.566	-0.073	0.239	
212529308	2.3556	-1.5126334	5176.22	0	1.787	-0.03	0.531	-0.037	0.203	
212529674	2.5601	-0.26502722	4609.34	0	2.16	-0.133	0.552	-0.117	0.225	
212532094	2.6824	-0.39370503	4910.38	0	1.967	-0.049	0.572	-0.034	0.244	
212532831	2.2283	-1.4998155	5041.69	0	1.87	-0.05	0.538	-0.056	0.21	
212532875	2.2346	-0.95034876	4821.69	0	2.014	-0.085	0.547	-0.084	0.22	
212533724	3.0284	0.3329398	4832.6	0	2.027	-0.049	0.605	-0.008	0.273	
212533936	2.1746	-0.073643138	4288.19	0	2.378	-0.266	0.497	-0.258	0.173	
212537995	2.4845	-0.31617868	4830.22	0	2.019	-0.066	0.573	-0.048	0.245	
212538940	2.5538	-0.84425862	4825.1	0	2.012	-0.083	0.547	-0.08	0.221	
212538995	2.6088	-0.38883274	4709.1	0	2.094	-0.103	0.558	-0.09	0.231	
212539437	2.6776	-0.10778124	4770.74	0	2.059	-0.077	0.577	-0.052	0.248	
212539507	2.5806	-0.49967541	4800.76	0	2.033	-0.08	0.561	-0.068	0.234	
212539754	2.6307	-0.37849469	4821.78	0	2.022	-0.071	0.568	-0.055	0.24	
212539817	2.7869	-0.62746382	4942.86	0	1.942	-0.05	0.56	-0.041	0.232	
212542797	2.4877	-0.82457753	4775.92	0	2.044	-0.096	0.545	-0.092	0.219	
212545210	2.2325	-0.66150968	4658.77	0	2.123	-0.125	0.544	-0.119	0.218	
212545537	2.8407	-0.62123257	4923.05	0	1.954	-0.055	0.56	-0.046	0.232	
212546716	3.0513	-0.35951005	4920.58	0	1.96	-0.047	0.572	-0.032	0.243	
212547486	2.5816	-0.65610673	4783.51	0	2.041	-0.089	0.552	-0.082	0.226	
212549346	2.3215	-0.40025665	4580.29	0	2.178	-0.146	0.543	-0.134	0.218	
212550462	2.6323	-0.85047878	4950.72	0	1.933	-0.055	0.552	-0.051	0.224	
212551026	2.2953	-0.76170539	4570.89	0	2.178	-0.158	0.528	-0.157	0.203	
212554513	2.6276	-0.090261964	4674.46	0	2.121	-0.106	0.568	-0.082	0.239	
212556674	2.4083	-0.71770299	4635.37	0	2.136	-0.135	0.537	-0.132	0.211	
212556950	2.6383	-0.57753891	4790.64	0	2.038	-0.085	0.556	-0.076	0.229	
212557162	3.0395	-0.66388568	4935.89	0	1.945	-0.054	0.556	-0.047	0.229	
212557578	2.8356	-0.037308402	4810.06	0	2.036	-0.064	0.583	-0.036	0.254	
212558520	2.3648	-0.36341847	4879.58	0	1.987	-0.054	0.575	-0.037	0.247	
212558824	2.5395	-0.81080202	4855.38	0	1.994	-0.075	0.55	-0.071	0.224	
212559006	2.4758	-0.66842769	4703.6	0	2.093	-0.112	0.546	-0.106	0.22	
212559016	2.4232	-0.52499775	4649.87	0	2.13	-0.125	0.546	-0.116	0.221	
212559972	2.4951	-0.67453272	4669.18	0	2.115	-0.123	0.542	-0.118	0.216	
212562786	2.963	-0.78622549	5098.25	0	1.843	-0.026	0.553	-0.021	0.224	
212562915	2.9766	-0.011557247	4795.3	0	2.045	-0.068	0.582	-0.04	0.253	
212564470	2.4237	-0.96320455	4723.05	0	2.076	-0.114	0.536	-0.114	0.211	
212564964	2.4853	-0.15432044	4977.7	0	1.931	-0.024	0.59	0.001	0.261	
212565090	2.3774	-0.33565194	4943.88	0	1.948	-0.038	0.58	-0.019	0.251	
212565520	2.9635	-0.39285497	4899.16	0	1.973	-0.053	0.569	-0.038	0.241	
212566197	3.0248	-0.49245864	5109.51	0	1.843	-0.014	0.568	-0.001	0.239	
212566775	2.7468	-0.44727134	4895	0	1.975	-0.055	0.568	-0.041	0.24	
212566873	2.4387	-0.43205888	4708.07	0	2.094	-0.104	0.557	-0.091	0.231	
212569473	2.3357	-0.55355667	4836.73	0	2.011	-0.071	0.564	-0.06	0.236	
212570114	2.3706	-0.01217497	4746.67	0	2.077	-0.079	0.582	-0.049	0.252	
212572653	2.8167	-1.4771351	5276.27	0	1.726	-0.022	0.521	-0.03	0.191	
212572967	2.8207	-0.65479033	4971.51	0	1.923	-0.045	0.56	-0.037	0.232	
212573624	2.583	-0.99530574	4945.99	0	1.934	-0.06	0.546	-0.059	0.219	
212578933	2.2729	-0.058839257	4404.47	0	2.299	-0.209	0.526	-0.192	0.199	
212579376	2.3738	-0.81215968	5031.1	0	1.886	-0.035	0.558	-0.03	0.23	
212579806	2.6087	-0.94435771	4880.91	0	1.975	-0.073	0.545	-0.071	0.218	
212579931	2.558	-1.0705878	4831.66	0	2.004	-0.088	0.539	-0.089	0.213	
212580161	2.3391	-0.6280274	4969.37	0	1.927	-0.042	0.566	-0.032	0.238	
212580949	2.6772	-0.21678928	4647.08	0	2.136	-0.119	0.558	-0.101	0.231	
212581467	2.8319	-0.62643231	4963.27	0	1.929	-0.046	0.561	-0.037	0.233	
212583319	2.3459	-0.34618554	4833.59	0	2.017	-0.065	0.574	-0.047	0.246	
212585535	2.2671	-0.51219102	4851.24	0	2.003	-0.065	0.567	-0.052	0.24	
212585559	2.3454	-1.1606395	5294.35	0	1.722	-0.003	0.538	-0.006	0.208	
212586118	2.857	-0.51974127	4807.3	0	2.028	-0.08	0.558	-0.07	0.231	
212586390	2.3887	-2.0600545	5144.35	0	1.799	-0.049	0.517	-0.062	0.189	
212587659	2.6204	-0.44454899	4751.89	0	2.065	-0.092	0.559	-0.08	0.232	
212588023	2.5891	-0.94660939	4805.5	0	2.022	-0.091	0.541	-0.091	0.215	
212588862	2.9777	-0.33476044	4886.42	0	1.982	-0.055	0.572	-0.038	0.243	
212590644	3.028	0.19358045	4842.83	0	2.019	-0.049	0.597	-0.013	0.267	
212590687	2.4398	0.28974748	4439.69	0	2.278	-0.189	0.547	-0.162	0.219	
212591277	2.5594	0.019301757	4801.69	0	2.042	-0.063	0.588	-0.032	0.258	
212591385	2.3562	-0.34771702	4531.47	0	2.211	-0.163	0.538	-0.152	0.212	
212593364	2.9611	0.24481686	4742.41	0	2.082	-0.078	0.591	-0.041	0.26	
212593596	2.8661	-0.7808031	4986.82	0	1.911	-0.046	0.553	-0.041	0.225	
212594531	2.157	-0.38609866	4885.82	0	1.984	-0.052	0.577	-0.034	0.249	
212594782	2.7535	-0.586	4858.95	0	1.995	-0.068	0.559	-0.059	0.232	
212594802	2.5396	-0.99508733	4816.19	0	2.015	-0.09	0.541	-0.09	0.214	
212594817	2.2023	-1.5453013	5049.8	0	1.864	-0.049	0.537	-0.055	0.209	
212596229	2.3745	-0.42214786	4803.73	0	2.034	-0.076	0.567	-0.061	0.24	
212597542	2.4778	-0.97132603	4932.2	0	1.943	-0.061	0.548	-0.06	0.221	
212598503	2.7689	-0.56413265	4795.26	0	2.035	-0.084	0.556	-0.075	0.229	
212598896	2.5945	-0.85514147	4852.33	0	1.994	-0.077	0.548	-0.074	0.221	
212599103	2.6773	-0.078903179	4687.23	0	2.113	-0.102	0.57	-0.077	0.241	
212599558	2.8246	0.43633961	4697.07	0	2.113	-0.088	0.596	-0.046	0.265	
212600335	2.5075	-0.62662079	4828.77	0	2.014	-0.076	0.558	-0.067	0.231	
212600636	3.0454	-0.49719215	4870.54	0	1.989	-0.064	0.562	-0.052	0.234	
212600838	2.6836	-0.98757495	4840.66	0	1.999	-0.084	0.541	-0.084	0.214	
212601036	2.7209	-0.55983164	4821.99	0	2.018	-0.077	0.558	-0.067	0.231	
212601342	2.3189	0.22304687	4657.02	0	2.136	-0.103	0.583	-0.065	0.252	
212603017	2.4948	-1.0610406	4779.33	0	2.038	-0.1	0.537	-0.102	0.211	
212603324	2.3762	-1.1456786	5012.61	0	1.892	-0.048	0.545	-0.049	0.217	
212603370	2.4072	0.038427164	4763.83	0	2.066	-0.073	0.586	-0.041	0.256	
212604016	2.6803	-0.28169019	4932.6	0	1.955	-0.04	0.579	-0.021	0.251	
212606189	2.9295	-0.17015259	4786.83	0	2.048	-0.075	0.574	-0.053	0.245	
212606550	2.7604	-0.14587727	4809.59	0	2.034	-0.067	0.578	-0.044	0.249	
212606742	2.6371	0.051597199	4749.41	0	2.075	-0.078	0.584	-0.047	0.253	
212606989	2.3622	-0.51121294	4836.47	0	2.012	-0.07	0.565	-0.057	0.238	
212607220	2.6583	-0.81396115	4845.64	0	1.999	-0.078	0.549	-0.074	0.222	
212607299	2.3694	-0.25902386	4930.46	0	1.958	-0.038	0.584	-0.017	0.255	
212607892	2.7191	-0.066680279	4807.46	0	2.037	-0.065	0.582	-0.038	0.253	
212608891	2.5093	-0.85798943	4792.12	0	2.033	-0.092	0.545	-0.09	0.219	
212609109	2.8711	-0.10584515	4875.21	0	1.994	-0.049	0.584	-0.024	0.255	
212609900	2.4683	-1.7126332	5163.02	0	1.791	-0.039	0.524	-0.048	0.196	
212610477	2.667	-0.71319959	4946.22	0	1.938	-0.052	0.557	-0.045	0.23	
212611029	2.605	-0.43216654	4726.47	0	2.082	-0.099	0.557	-0.087	0.231	
212611838	2.835	0.2473526	4722.39	0	2.095	-0.083	0.589	-0.047	0.259	
212611858	2.8057	-0.28216034	4781.71	0	2.049	-0.08	0.568	-0.062	0.241	
212612064	2.0722	0.28877561	4355.56	0	2.335	-0.227	0.53	-0.203	0.202	
212612491	2.2343	-0.12478085	4606.35	0	2.165	-0.128	0.56	-0.105	0.232	
212612760	2.3913	-1.5980792	5009.31	0	1.887	-0.059	0.533	-0.067	0.206	
212613949	2.3875	-0.98485035	4940.08	0	1.939	-0.059	0.549	-0.058	0.221	
212614541	2.1709	-1.2716403	4828.37	0	2.006	-0.09	0.539	-0.093	0.213	
212615496	2.3442	-0.4623538	4615.33	0	2.154	-0.135	0.546	-0.125	0.22	
212615626	2.4912	-0.45092866	4696.85	0	2.101	-0.108	0.555	-0.097	0.228	
212615931	2.5306	-0.36477819	4737.07	0	2.076	-0.094	0.562	-0.079	0.235	
212616305	2.3291	-0.30578495	4903.95	0	1.974	-0.046	0.58	-0.026	0.252	
212616827	2.4955	-1.1072934	4834.08	0	2.002	-0.087	0.539	-0.089	0.212	
212617453	2.5144	-0.5351307	4683.14	0	2.108	-0.115	0.549	-0.106	0.223	
212619281	2.4599	-0.30662522	4712.53	0	2.093	-0.099	0.563	-0.082	0.236	
212619291	2.659	-1.0083316	5006.42	0	1.896	-0.048	0.546	-0.047	0.218	
212620255	2.6625	-0.51666266	4710.57	0	2.09	-0.107	0.551	-0.097	0.225	
212621131	2.2129	-0.61290496	4608.98	0	2.156	-0.14	0.54	-0.134	0.214	
212621424	2.6015	-0.76831852	4780.37	0	2.041	-0.093	0.547	-0.089	0.221	
212622100	2.9636	-0.79076005	5033.5	0	1.882	-0.038	0.553	-0.033	0.224	
212622217	2.2727	-0.74369778	4955.84	0	1.934	-0.048	0.561	-0.04	0.234	
212623385	2.9167	-0.64917611	4895.17	0	1.97	-0.062	0.556	-0.055	0.229	
212624344	2.8059	-0.59873231	4838.02	0	2.007	-0.074	0.557	-0.066	0.23	
212624591	2.8148	-0.37117017	4913.9	0	1.965	-0.048	0.572	-0.032	0.244	
212624988	2.7983	-0.70266755	4878.3	0	1.98	-0.067	0.554	-0.061	0.227	
212625111	2.5882	-0.47987157	4721.33	0	2.084	-0.102	0.555	-0.091	0.228	
212625474	2.2646	-0.62314857	4667.82	0	2.118	-0.121	0.546	-0.114	0.22	
212625614	2.4448	0.31940329	4661.73	0	2.134	-0.1	0.588	-0.06	0.257	
212625659	2.8768	-0.50823443	4885.07	0	1.98	-0.06	0.563	-0.049	0.236	
212626515	2.5486	-0.014469223	4686.91	0	2.114	-0.099	0.574	-0.071	0.244	
212627100	2.3949	-0.63426129	4987.81	0	1.915	-0.038	0.566	-0.029	0.238	
212627232	3.0788	-0.18497513	4878.48	0	1.99	-0.052	0.579	-0.03	0.25	
212627690	2.67	-0.64188345	4769.86	0	2.05	-0.093	0.551	-0.086	0.225	
212628306	2.3642	-0.13142095	4822.95	0	2.027	-0.061	0.584	-0.035	0.254	
212632370	2.3345	-0.014721553	4875.25	0	1.997	-0.043	0.594	-0.012	0.264	
212633277	2.3541	-0.72688757	4781.34	0	2.043	-0.091	0.551	-0.085	0.225	
212636726	2.3425	-0.44599438	4598.15	0	2.165	-0.14	0.544	-0.13	0.218	
212637471	2.4434	-0.04570092	4488.23	0	2.243	-0.173	0.542	-0.153	0.214	
212638807	2.4668	-0.72403112	4772.8	0	2.048	-0.094	0.55	-0.088	0.223	
212639231	2.2435	-1.1426917	4804.79	0	2.022	-0.094	0.539	-0.096	0.213	
212639468	2.0923	-0.70457171	4519.85	0	2.214	-0.174	0.524	-0.173	0.2	
212640506	2.3754	-1.6155563	5099.9	0	1.831	-0.045	0.531	-0.052	0.203	
212640681	2.5307	-0.70113576	4853.73	0	1.997	-0.072	0.555	-0.065	0.228	
212640969	2.3189	-0.7015246	4785.89	0	2.04	-0.089	0.553	-0.082	0.227	
212641219	2.9678	-0.41567419	4808.36	0	2.029	-0.077	0.563	-0.064	0.235	
212641621	2.6466	-0.44683587	4864.48	0	1.994	-0.062	0.567	-0.048	0.239	
212641806	2.3424	-0.47777806	4692.72	0	2.104	-0.11	0.554	-0.098	0.228	
212642806	2.268	-0.12932859	4787.02	0	2.05	-0.071	0.582	-0.044	0.253	
212644210	2.5994	-0.69409052	4877.01	0	1.982	-0.067	0.556	-0.059	0.229	
212644751	2.3615	0.038352843	4806.01	0	2.04	-0.06	0.591	-0.027	0.261	
212645316	2.794	-0.54408247	4882.29	0	1.981	-0.062	0.562	-0.051	0.234	
212646997	2.3452	-0.52809582	4934.55	0	1.95	-0.046	0.57	-0.034	0.242	
212649511	2.7854	-0.20432905	4882.66	0	1.987	-0.05	0.58	-0.028	0.251	
212649548	2.796	-0.10615903	4663.41	0	2.127	-0.111	0.565	-0.088	0.236	
212649682	2.4005	-0.60458574	5016.68	0	1.898	-0.032	0.568	-0.021	0.239	
212651570	2.3547	-0.31919033	4884.23	0	1.985	-0.051	0.578	-0.032	0.25	
212652513	2.7139	-0.50211615	4986.26	0	1.918	-0.036	0.569	-0.024	0.24	
212653037	3.0942	-0.37525183	4966.68	0	1.932	-0.038	0.572	-0.022	0.244	
212653521	2.6513	-0.10873843	4595.95	0	2.171	-0.134	0.556	-0.113	0.228	
212653774	2.72	-0.69114265	4812.68	0	2.022	-0.083	0.551	-0.077	0.225	
212653935	2.2168	-0.59740791	4654.23	0	2.127	-0.125	0.546	-0.117	0.22	
212653961	2.5059	-0.77347009	4731.78	0	2.073	-0.107	0.544	-0.103	0.218	
212654428	2.4622	-0.42811851	4860.81	0	1.998	-0.061	0.57	-0.047	0.242	
212654643	2.5108	-1.0683282	4904.65	0	1.959	-0.07	0.543	-0.071	0.216	
212656022	2.3701	-0.76613334	5020.21	0	1.893	-0.036	0.56	-0.029	0.232	
212657515	2.6252	-0.66899026	4711.98	0	2.087	-0.11	0.545	-0.105	0.219	
212657687	2.733	-0.78902324	4825.98	0	2.012	-0.083	0.548	-0.079	0.221	
212657916	2.6609	-0.19599041	4715.58	0	2.093	-0.096	0.567	-0.075	0.239	
212658622	2.4519	-0.62969105	4747.26	0	2.065	-0.098	0.552	-0.091	0.226	
212658955	2.8498	-0.41105612	4879.31	0	1.985	-0.058	0.568	-0.044	0.24	
212659913	2.3836	-0.77708195	4869.1	0	1.986	-0.07	0.555	-0.064	0.228	
212663752	2.5709	-0.29535554	4691.55	0	2.107	-0.106	0.561	-0.089	0.234	
212664019	2.5702	-0.5293676	4776.25	0	2.048	-0.088	0.558	-0.077	0.231	
212664634	2.4335	-0.51710413	4869.12	0	1.991	-0.062	0.566	-0.05	0.239	
212664801	2.3495	-0.18673077	4778.93	0	2.054	-0.075	0.577	-0.052	0.249	
212665237	2.3444	-0.93461442	4688.46	0	2.099	-0.123	0.535	-0.123	0.21	
212665910	2.5802	-0.69159794	4762.77	0	2.054	-0.096	0.549	-0.09	0.223	
212666753	2.7379	-1.2913075	5172.59	0	1.79	-0.029	0.533	-0.033	0.204	
212667056	2.9922	-0.56332131	4785.36	0	2.041	-0.088	0.554	-0.079	0.227	
212667548	2.2158	-0.52106684	4624.6	0	2.147	-0.133	0.546	-0.124	0.22	
212669168	2.7963	-0.96083556	4939.07	0	1.938	-0.061	0.545	-0.06	0.217	
212669362	2.5459	-0.51862688	4853.54	0	2	-0.067	0.564	-0.055	0.237	
212670245	2.4392	-0.50950092	4655.91	0	2.126	-0.123	0.548	-0.114	0.222	
212670258	2.9104	0.26320279	4750.66	0	2.077	-0.074	0.593	-0.037	0.262	
212670342	2.696	0.4335406	4571.66	0	2.193	-0.133	0.578	-0.096	0.248	
212670372	2.5217	-1.6011108	5161.54	0	1.793	-0.037	0.527	-0.045	0.198	
212670413	2.4155	-0.093765912	4717.62	0	2.094	-0.091	0.575	-0.065	0.246	
212671973	2.5473	-1.1760389	4851.84	0	1.99	-0.085	0.537	-0.088	0.211	
212672565	2.3276	-0.43751032	4897.84	0	1.975	-0.052	0.573	-0.036	0.245	
212673108	2.2085	-1.0703629	4599.51	0	2.155	-0.153	0.522	-0.158	0.197	
212673868	2.707	-0.52533239	5101.43	0	1.847	-0.014	0.569	-0.003	0.24	
212673978	2.9752	-0.58752644	4971.51	0	1.924	-0.044	0.562	-0.034	0.234	
212675170	2.6616	-0.36893832	5098.3	0	1.853	-0.009	0.578	0.008	0.249	
212675171	2.2465	-0.33989208	4628.55	0	2.148	-0.127	0.554	-0.112	0.227	
212676426	2.4615	-0.4151402	4838.69	0	2.012	-0.067	0.569	-0.052	0.241	
212677018	2.3652	-0.57424484	4983.18	0	1.92	-0.037	0.569	-0.026	0.241	
212677229	2.4102	-1.0101719	5272.79	0	1.737	-0.002	0.545	-0.002	0.214	
212679845	2.5171	-1.5255752	4991.33	0	1.898	-0.062	0.533	-0.069	0.206	
212679945	2.2753	-0.64985857	4559.93	0	2.187	-0.159	0.531	-0.156	0.206	
212680845	2.7903	-0.67089504	4908.82	0	1.962	-0.059	0.557	-0.052	0.229	
212680946	2.4024	-0.39349817	4541.12	0	2.203	-0.16	0.537	-0.151	0.212	
212685636	2.358	-0.52787316	4876.41	0	1.986	-0.06	0.567	-0.048	0.239	
212685771	3.0194	-0.10000163	4867.42	0	1.999	-0.052	0.583	-0.026	0.254	
212686303	2.8998	-0.076509836	4949.07	0	1.949	-0.03	0.59	-0.003	0.26	
212687151	2.4197	-0.48807928	4743.74	0	2.07	-0.095	0.558	-0.083	0.232	
212687303	3.0128	-0.34775431	4924.55	0	1.958	-0.046	0.573	-0.03	0.244	
212687403	2.7658	-0.08075299	4760.28	0	2.066	-0.079	0.577	-0.054	0.248	
212687455	2.4242	-0.16194412	4961.52	0	1.941	-0.028	0.59	-0.003	0.26	
212690281	2.2374	-1.7285045	5008.17	0	1.887	-0.061	0.532	-0.069	0.205	
212690825	2.6868	-0.73273487	4761.32	0	2.054	-0.098	0.546	-0.093	0.22	
212694264	2.3966	-0.84813364	4967.09	0	1.924	-0.05	0.555	-0.045	0.227	
212694769	2.3724	-0.5352641	4985.69	0	1.919	-0.035	0.571	-0.023	0.243	
212694799	2.6382	-0.13330784	4668.05	0	2.124	-0.109	0.565	-0.087	0.237	
212695476	2.626	-0.047741708	4625.9	0	2.153	-0.121	0.563	-0.097	0.235	
212695529	2.8203	-0.8000688	4935.37	0	1.943	-0.057	0.552	-0.053	0.224	
212695660	2.9436	-0.2240845	4822.91	0	2.024	-0.067	0.574	-0.047	0.245	
212695924	2.1987	-0.61023688	4554.34	0	2.192	-0.16	0.532	-0.155	0.207	
212696384	2.5972	-0.53016023	4793.45	0	2.037	-0.083	0.559	-0.072	0.232	
212696782	2.4152	-0.33958177	4510.33	0	2.224	-0.171	0.534	-0.161	0.209	
212696965	2.5212	0.00032269678	4480.98	0	2.248	-0.176	0.542	-0.154	0.214	
212697467	2.2395	-0.69606122	4551.94	0	2.192	-0.163	0.528	-0.161	0.203	
212697880	2.3672	-0.29005957	4511.88	0	2.224	-0.169	0.537	-0.157	0.211	
212697914	3.0896	0.066832039	4927.33	0	1.965	-0.031	0.596	0	0.265	
212698110	2.4162	-0.089079166	4781.29	0	2.054	-0.072	0.582	-0.045	0.252	
212699506	2.3665	-0.20545346	4659.92	0	2.129	-0.113	0.563	-0.092	0.235	
212699714	3.0119	-0.061075714	4762.2	0	2.065	-0.08	0.576	-0.054	0.247	
212700348	2.4327	-1.2610903	4888.14	0	1.966	-0.077	0.538	-0.081	0.211	
212700413	2.9526	-0.68939437	4929.94	0	1.948	-0.056	0.556	-0.049	0.228	
212700898	2.4747	-1.6758521	5001.12	0	1.89	-0.063	0.53	-0.071	0.203	
212702456	2.8916	-0.31691734	4737.85	0	2.076	-0.094	0.562	-0.078	0.235	
212702587	2.4325	-0.5860855	4649.21	0	2.129	-0.127	0.544	-0.12	0.218	
212702682	2.447	-1.8924653	5089.14	0	1.834	-0.053	0.523	-0.064	0.195	
212702845	2.5325	-0.82885814	4803.74	0	2.026	-0.088	0.547	-0.085	0.22	
212702847	2.871	-0.19152067	4821.3	0	2.026	-0.066	0.576	-0.045	0.247	
212702903	2.4586	-0.49734592	5067.02	0	1.87	-0.018	0.573	-0.005	0.244	
212703189	2.4855	-0.41666666	4794.85	0	2.039	-0.079	0.565	-0.064	0.238	
212703561	2.2559	-0.079593998	4515.75	0	2.225	-0.162	0.547	-0.14	0.219	
212704542	2.979	0.00086656725	4887.46	0	1.988	-0.043	0.59	-0.013	0.26	
212704676	2.7008	-0.2317987	4696.28	0	2.104	-0.103	0.563	-0.085	0.236	
212705705	2.4041	-0.1765751	4845.54	0	2.012	-0.057	0.583	-0.033	0.254	
212705904	2.3914	0.10677811	4596.93	0	2.174	-0.127	0.568	-0.096	0.238	
212706404	2.6873	-0.94392616	4981.03	0	1.913	-0.051	0.548	-0.05	0.22	
212706630	2.6642	-0.52177522	4959.68	0	1.934	-0.042	0.567	-0.03	0.239	
212708768	2.5988	-0.16265364	4666.3	0	2.125	-0.111	0.564	-0.089	0.236	
212708855	2.4992	-0.46672354	4627.55	0	2.145	-0.132	0.546	-0.122	0.22	
212709177	2.493	-1.0146366	4916.8	0	1.952	-0.066	0.545	-0.065	0.218	
212711618	3.0858	-0.33648612	4899.84	0	1.974	-0.052	0.572	-0.035	0.243	
212711911	2.8236	-0.76963785	4836.38	0	2.005	-0.08	0.549	-0.075	0.222	
212712594	2.6518	-1.2051806	4992.72	0	1.901	-0.056	0.539	-0.058	0.211	
212713055	2.6843	-0.85286019	4919.81	0	1.952	-0.062	0.55	-0.058	0.223	
212713880	2.6568	-0.70339874	4824.11	0	2.015	-0.08	0.552	-0.074	0.225	
212713888	2.7174	-0.84940033	4891.53	0	1.97	-0.068	0.549	-0.065	0.222	
212713897	2.5474	-0.19710447	5024.4	0	1.901	-0.016	0.589	0.007	0.259	
212714349	2.3706	-0.25939654	4865.17	0	1.998	-0.054	0.58	-0.033	0.252	
212715178	2.9201	-0.61133714	4949.75	0	1.937	-0.049	0.56	-0.04	0.232	
212715936	2.9511	-0.12769358	4839.66	0	2.015	-0.059	0.58	-0.035	0.251	
212716298	2.4445	-0.15967655	4858.81	0	2.004	-0.053	0.584	-0.028	0.255	
212716822	2.67	0.053187836	4739.94	0	2.081	-0.081	0.582	-0.05	0.252	
212717026	2.2941	-0.35200644	4550.84	0	2.198	-0.155	0.541	-0.143	0.215	
212717998	2.6379	0.38287499	4679.52	0	2.123	-0.094	0.592	-0.052	0.261	
212719839	2.921	-0.5363663	4998.32	0	1.909	-0.036	0.565	-0.025	0.237	
212719925	2.3823	-0.57028847	5104.9	0	1.846	-0.013	0.57	-0.002	0.241	
212724201	2.9291	-0.61902202	4972.78	0	1.923	-0.044	0.561	-0.035	0.232	
212724763	2.939	-0.31215975	4861.26	0	1.998	-0.06	0.572	-0.043	0.244	
212725648	2.7974	-0.053688429	4749.83	0	2.073	-0.082	0.577	-0.055	0.248	
212726631	2.2135	-0.71083338	4659.61	0	2.122	-0.126	0.542	-0.121	0.217	
212726817	2.2145	0.046224845	4591.31	0	2.177	-0.129	0.566	-0.1	0.236	
212726998	2.3696	-0.52793803	4893.49	0	1.976	-0.056	0.568	-0.044	0.24	
212729316	2.3335	-0.66214709	4915.6	0	1.96	-0.055	0.563	-0.046	0.235	
212729527	2.7429	-0.40512486	4745.35	0	2.07	-0.094	0.559	-0.08	0.233	
212732073	2.6485	-0.42958157	4865.93	0	1.994	-0.061	0.568	-0.047	0.24	
212732697	2.303	-0.41134847	5104.55	0	1.849	-0.007	0.58	0.009	0.251	
212733833	2.3496	-0.72380058	5021.48	0	1.893	-0.034	0.562	-0.026	0.234	
212733961	2.5216	-0.58776317	4742.16	0	2.069	-0.099	0.553	-0.09	0.226	
212734971	2.7988	0.1583495	4664.56	0	2.131	-0.104	0.578	-0.072	0.248	
212734990	2.7051	-0.67340321	4703.58	0	2.092	-0.113	0.543	-0.108	0.218	
212736070	2.6562	-0.46407098	4734.22	0	2.076	-0.098	0.556	-0.087	0.23	
212736961	2.161	-0.57195039	4604.2	0	2.16	-0.141	0.541	-0.134	0.216	
212738568	2.2495	-0.30650285	4476.3	0	2.248	-0.183	0.531	-0.172	0.205	
212740875	2.607	-0.47153651	4890.57	0	1.978	-0.056	0.568	-0.043	0.24	
212743777	2.19	0.05536587	4536.61	0	2.213	-0.15	0.557	-0.122	0.228	
212744815	2.4612	-0.98635414	5166.52	0	1.801	-0.018	0.548	-0.016	0.219	
212746427	2.6369	-0.87995626	4805.53	0	2.023	-0.09	0.544	-0.088	0.217	
212750347	2.6157	0.05026688	4636.92	0	2.147	-0.115	0.57	-0.086	0.24	
212750550	2.9639	-0.44628484	4882.27	0	1.982	-0.059	0.566	-0.046	0.238	
212752245	2.1975	-0.76267009	4539.04	0	2.2	-0.169	0.524	-0.169	0.199	
212754934	2.1287	-1.4645696	4763.97	0	2.045	-0.109	0.532	-0.116	0.207	
212755157	2.6728	-0.35536663	4736.32	0	2.077	-0.095	0.562	-0.079	0.235	
212755602	2.4052	-0.067440319	4759.28	0	2.068	-0.077	0.581	-0.05	0.251	
212759100	2.6401	-0.58139315	4822.81	0	2.018	-0.077	0.558	-0.067	0.231	
212761233	2.5292	-0.69092683	4661.21	0	2.119	-0.126	0.54	-0.122	0.214	
212761790	2.6604	0.32421107	4580.68	0	2.186	-0.131	0.574	-0.096	0.244	
212763112	2.6133	-0.24551702	4687.99	0	2.11	-0.106	0.562	-0.088	0.235	
212765803	2.9259	-0.66592924	4843.66	0	2.002	-0.075	0.553	-0.068	0.226	
212766564	2.3273	-0.61699518	4751.42	0	2.064	-0.096	0.554	-0.087	0.228	
212766797	2.892	0.047587392	4771.85	0	2.061	-0.073	0.584	-0.043	0.254	
212768683	2.5566	-0.9593374	4752.7	0	2.056	-0.106	0.537	-0.106	0.212	
212768741	2.4816	-1.0997176	4771.91	0	2.042	-0.103	0.535	-0.106	0.209	
212770781	2.5968	-0.43715547	4719.43	0	2.086	-0.102	0.557	-0.089	0.23	
212772093	2.676	-0.76437645	4772.41	0	2.046	-0.096	0.546	-0.092	0.219	
212772152	2.5442	-0.69346784	4782.6	0	2.041	-0.09	0.551	-0.084	0.224	
212772956	2.1779	-0.42382401	4430.91	0	2.277	-0.205	0.518	-0.199	0.193	
212773540	2.6502	0.28091537	4563.55	0	2.197	-0.138	0.569	-0.105	0.24	
212774580	2.5085	-0.25284368	4763.13	0	2.062	-0.083	0.571	-0.063	0.243	
212774705	2.9783	-0.55662166	4824.19	0	2.017	-0.077	0.557	-0.068	0.23	
212775342	2.3292	-0.33167871	4759.18	0	2.064	-0.085	0.568	-0.068	0.241	
212775348	2.5605	-0.45213125	4700.72	0	2.098	-0.108	0.554	-0.096	0.228	
212777905	2.4839	-0.27185217	4666.91	0	2.123	-0.113	0.56	-0.096	0.233	
212779511	2.0936	-0.92476256	4564.42	0	2.181	-0.163	0.523	-0.165	0.199	
212780841	2.5042	-1.2021493	4940.75	0	1.934	-0.065	0.54	-0.068	0.213	
212781453	2.5259	-0.80409553	4696.57	0	2.095	-0.118	0.539	-0.116	0.213	
212785136	2.75	-0.59537086	4803.93	0	2.029	-0.083	0.555	-0.074	0.228	
212786574	2.7797	-0.64943366	4849.84	0	1.999	-0.073	0.555	-0.065	0.228	
212788304	2.6599	-0.35966929	4651.25	0	2.131	-0.122	0.552	-0.108	0.226	
212790358	2.5538	-0.46325067	4693.25	0	2.103	-0.11	0.553	-0.099	0.227	
212792270	2.6297	-0.30184951	4632.23	0	2.145	-0.126	0.553	-0.111	0.226	
212792426	2.2437	0.041917597	4411.12	0	2.295	-0.204	0.531	-0.183	0.204	
212792503	2.6191	-0.36884232	4710.69	0	2.093	-0.102	0.559	-0.088	0.232	
212793396	2.6295	-1.3919149	5085.92	0	1.841	-0.044	0.534	-0.049	0.205	
212794436	2.2067	0.21566618	4367.28	0	2.326	-0.222	0.529	-0.2	0.201	
212795979	2.4793	-0.098650689	4745.71	0	2.076	-0.083	0.577	-0.057	0.248	
212796425	2.7443	-0.040715657	4750.78	0	2.073	-0.081	0.578	-0.054	0.249	
212796770	2.6673	-0.24591219	4584.18	0	2.177	-0.142	0.548	-0.127	0.222	
212798553	2.7049	0.093992082	4705.91	0	2.103	-0.091	0.58	-0.06	0.25	
212800831	2.412	-0.063825245	4776.73	0	2.057	-0.072	0.582	-0.044	0.253	
212802071	2.2435	-0.14047751	4286.69	0	2.378	-0.268	0.494	-0.263	0.17	
212802980	2.6422	-0.79167426	4731.84	0	2.072	-0.108	0.542	-0.105	0.216	
212803708	2.6704	-0.035023271	4615.77	0	2.159	-0.125	0.562	-0.1	0.234	
212804315	2.1945	-1.2108909	4696.9	0	2.09	-0.125	0.53	-0.13	0.205	
212804552	2.6409	-1.863014	5225.98	0	1.751	-0.037	0.514	-0.049	0.185	
212805957	2.4371	-0.6775326	4651.26	0	2.126	-0.129	0.54	-0.124	0.215	
212808251	2.7337	-0.67554566	4835.03	0	2.008	-0.077	0.553	-0.07	0.227	
212808482	2.8803	-1.5353226	5176.39	0	1.783	-0.036	0.524	-0.044	0.195	
212809083	2.3391	-0.12571236	4692.01	0	2.11	-0.1	0.571	-0.075	0.242	
212809327	2.5906	-0.6066334	4807.87	0	2.027	-0.081	0.556	-0.073	0.229	
212809875	2.4878	-0.35398165	4672.1	0	2.118	-0.114	0.556	-0.099	0.23	
212810008	2.6332	-0.58114839	4822	0	2.018	-0.077	0.558	-0.068	0.231	
212810189	2.3384	-0.26361162	4477.03	0	2.248	-0.182	0.532	-0.17	0.206	
212810864	2.2612	-0.46593559	4595.27	0	2.167	-0.142	0.543	-0.132	0.218	
212811765	2.5409	-0.98907588	4777.53	0	2.04	-0.1	0.538	-0.1	0.212	
212813669	2.5901	-0.76987438	4792.91	0	2.033	-0.09	0.548	-0.086	0.221	
212814387	2.5233	-1.0266552	4714.22	0	2.08	-0.118	0.532	-0.12	0.207	
212816020	2.379	-0.33214468	4975.18	0	1.929	-0.031	0.581	-0.012	0.253	
212816460	2.5759	-0.4342674	4761.17	0	2.06	-0.089	0.561	-0.076	0.234	
212816819	2.4265	-0.44018657	5019.48	0	1.9	-0.025	0.576	-0.01	0.247	
212818050	2.7695	-0.45648601	4744.99	0	2.069	-0.095	0.557	-0.084	0.23	
212818166	2.3717	0.00065547777	4702.03	0	2.105	-0.093	0.578	-0.063	0.248	
212818376	2.3665	0.078677026	4799.89	0	2.045	-0.061	0.593	-0.027	0.262	
212818978	2.9095	-0.29580062	4843.56	0	2.01	-0.064	0.572	-0.046	0.244	
212819168	2.2301	-1.9157224	4986.79	0	1.898	-0.068	0.529	-0.079	0.203	
212820133	2.3711	-0.20745024	4711.16	0	2.096	-0.096	0.569	-0.075	0.241	
212821053	2.4282	0.21612555	4688.14	0	2.116	-0.093	0.586	-0.056	0.255	
212821984	2.4948	-0.39326646	4667.83	0	2.12	-0.116	0.554	-0.103	0.227	
212822146	2.3541	-0.31351327	4784.61	0	2.048	-0.078	0.571	-0.059	0.244	
212823149	2.3743	-0.13473641	4799.23	0	2.042	-0.068	0.581	-0.042	0.252	
212824874	2.721	-0.67179667	4896.32	0	1.97	-0.062	0.557	-0.054	0.23	
212824959	2.471	-0.10071842	4685.06	0	2.114	-0.102	0.57	-0.077	0.241	
212828960	2.575	-0.24060674	4730.33	0	2.083	-0.092	0.567	-0.073	0.24	
212831983	2.2221	-0.90334032	4667.07	0	2.114	-0.128	0.535	-0.128	0.21	
212835386	2.8139	-0.32896195	4827.9	0	2.019	-0.069	0.569	-0.052	0.242	
212836333	2.4055	0.51761405	4644.04	0	2.146	-0.102	0.596	-0.057	0.264	
212837037	2.2721	0.64461782	4633.06	0	2.153	-0.104	0.603	-0.054	0.27	
212837078	2.6591	0.083911351	4586.25	0	2.18	-0.133	0.563	-0.105	0.234	
